GENE	ENSEMBL	class	source	is_rbp
HTATSF1	ENSG00000102241	17S U2 snRNP associated	Rogalska2022	TRUE
DDX46	ENSG00000145833	17S U2 snRNP associated	Rogalska2022	TRUE
SF3A2	ENSG00000104897	17S U2 snRNP	Rogalska2022	TRUE
SF3A1	ENSG00000099995	17S U2 snRNP	Rogalska2022	TRUE
SF3B1	ENSG00000115524	17S U2 snRNP	Rogalska2022	TRUE
RNU2-65P	ENSG00000222094	17S U2 snRNP	Rogalska2022	FALSE
SNRPA1	ENSG00000131876	17S U2 snRNP	Rogalska2022	TRUE
SNRPB2	ENSG00000125870	17S U2 snRNP	Rogalska2022	TRUE
SF3B4	ENSG00000143368	17S U2 snRNP	Rogalska2022	TRUE
SF3A3	ENSG00000183431	17S U2 snRNP	Rogalska2022	TRUE
SF3B2	ENSG00000087365	17S U2 snRNP	Rogalska2022	TRUE
SF3B3	ENSG00000189091	17S U2 snRNP	Rogalska2022	TRUE
SF3B6	ENSG00000115128	17S U2 snRNP	Rogalska2022	TRUE
SF3B5	ENSG00000169976	17S U2 snRNP	Rogalska2022	TRUE
PHF5A	ENSG00000100410	17S U2 snRNP	Rogalska2022	TRUE
SNRPB	ENSG00000125835	Sm	Rogalska2022	TRUE
SNRPD1	ENSG00000167088	Sm	Rogalska2022	TRUE
SNRPD2	ENSG00000125743	Sm	Rogalska2022	TRUE
SNRPD3	ENSG00000100028	Sm	Rogalska2022	TRUE
SNRPE	ENSG00000182004	Sm	Rogalska2022	TRUE
SNRPF	ENSG00000139343	Sm	Rogalska2022	TRUE
SNRPG	ENSG00000143977	Sm	Rogalska2022	TRUE
HNRNPA1	ENSG00000135486	hnRNP	Rogalska2022	TRUE
HNRNPAB	ENSG00000197451	hnRNP	Rogalska2022	TRUE
U2AF1	ENSG00000160201	17S U2 snRNP associated	Rogalska2022	TRUE
U2AF2	ENSG00000063244	17S U2 snRNP associated	Rogalska2022	TRUE
RBM17	ENSG00000134453	17S U2 snRNP associated	Rogalska2022	TRUE
PUF60	ENSG00000179950	17S U2 snRNP associated	Rogalska2022	TRUE
SMNDC1	ENSG00000119953	17S U2 snRNP associated	Rogalska2022	TRUE
CHERP	ENSG00000085872	17S U2 snRNP associated	Rogalska2022	TRUE
U2SURP	ENSG00000163714	17S U2 snRNP associated	Rogalska2022	TRUE
RBM25	ENSG00000119707	Recruited at A complex	Rogalska2022	TRUE
RBM5	ENSG00000003756	Recruited at A complex	Rogalska2022	TRUE
SF1	ENSG00000168066	Recruited at A complex	Rogalska2022	TRUE
RBM10	ENSG00000182872	Recruited at A complex	Rogalska2022	TRUE
THRAP3	ENSG00000054118	Recruited at A complex	Rogalska2022	TRUE
PRPF40A	ENSG00000196504	Recruited at A complex	Rogalska2022	TRUE
CCAR1	ENSG00000060339	Recruited at A complex	Rogalska2022	TRUE
SUGP1	ENSG00000105705	Recruited at A complex	Rogalska2022	TRUE
DHX15	ENSG00000109606	17S U2 snRNP associated	Rogalska2022	TRUE
SNRNP70	ENSG00000104852	U1 snRNP	Rogalska2022	TRUE
SNRPA	ENSG00000077312	U1 snRNP	Rogalska2022	TRUE
SNRPC	ENSG00000124562	U1 snRNP	Rogalska2022	TRUE
RNU1-1	ENSG00000206652	U1 snRNP	Rogalska2022	FALSE
PQBP1	ENSG00000102103	PRP19 complex	Rogalska2022	TRUE
WBP11	ENSG00000084463	PRP19 complex	Rogalska2022	TRUE
TFIP11	ENSG00000100109	Recruited at B complex	Rogalska2022	TRUE
IK	ENSG00000113141	Recruited at B complex	Rogalska2022	TRUE
MFAP1	ENSG00000140259	Recruited at B complex	Rogalska2022	TRUE
WBP4	ENSG00000120688	Recruited at B complex	Rogalska2022	TRUE
SMU1	ENSG00000122692	Recruited at B complex	Rogalska2022	TRUE
PRPF38A	ENSG00000134748	Recruited at B complex	Rogalska2022	TRUE
ZMAT2	ENSG00000146007	Recruited at B complex	Rogalska2022	FALSE
CDC5L	ENSG00000096401	PRP19 complex	Rogalska2022	TRUE
PLRG1	ENSG00000171566	PRP19 complex	Rogalska2022	TRUE
BCAS2	ENSG00000116752	PRP19 complex	Rogalska2022	FALSE
PRPF19	ENSG00000110107	PRP19 complex	Rogalska2022	TRUE
CWC15	ENSG00000150316	PRP19 complex	Rogalska2022	TRUE
CTNNBL1	ENSG00000132792	PRP19 complex	Rogalska2022	TRUE
RBM22	ENSG00000086589	PRP19-related	Rogalska2022	TRUE
BUD31	ENSG00000106245	PRP19-related	Rogalska2022	TRUE
AQR	ENSG00000021776	PRP19-related	Rogalska2022	TRUE
PPIE	ENSG00000084072	PRP19-related	Rogalska2022	TRUE
SNW1	ENSG00000100603	PRP19-related	Rogalska2022	TRUE
CRNKL1	ENSG00000101343	PRP19-related	Rogalska2022	TRUE
PPIL1	ENSG00000137168	PRP19-related	Rogalska2022	TRUE
XAB2	ENSG00000076924	PRP19-related	Rogalska2022	TRUE
ISY1	ENSG00000240682	PRP19-related	Rogalska2022	TRUE
RNU6-1	ENSG00000206625	U4/U6 snRNP	Rogalska2022	FALSE
PRPF8	ENSG00000174231	U5 snRNP	Rogalska2022	TRUE
EFTUD2	ENSG00000108883	U5 snRNP	Rogalska2022	TRUE
SNRNP40	ENSG00000060688	U5 snRNP	Rogalska2022	TRUE
SNRNP200	ENSG00000144028	U5 snRNP	Rogalska2022	TRUE
RNU5A-1	ENSG00000199568	U5 snRNP	Rogalska2022	FALSE
LSM7	ENSG00000130332	LSm	Rogalska2022	TRUE
LSM6	ENSG00000164167	LSm	Rogalska2022	TRUE
LSM5	ENSG00000106355	LSm	Rogalska2022	TRUE
LSM4	ENSG00000130520	LSm	Rogalska2022	TRUE
LSM3	ENSG00000170860	LSm	Rogalska2022	TRUE
LSM8	ENSG00000128534	LSm	Rogalska2022	TRUE
LSM2	ENSG00000204392	LSm	Rogalska2022	TRUE
SART1	ENSG00000175467	tri-snRNP	Rogalska2022	TRUE
USP39	ENSG00000168883	tri-snRNP	Rogalska2022	TRUE
SNU13	ENSG00000100138	U4/U6 snRNP	Rogalska2022	TRUE
PRPF4	ENSG00000136875	U4/U6 snRNP	Rogalska2022	TRUE
PRPF3	ENSG00000117360	U4/U6 snRNP	Rogalska2022	TRUE
PPIH	ENSG00000171960	U4/U6 snRNP	Rogalska2022	TRUE
PRPF31	ENSG00000105618	U4/U6 snRNP	Rogalska2022	TRUE
RNU4-1	ENSG00000200795	U4/U6 snRNP	Rogalska2022	FALSE
PRPF6	ENSG00000101161	U5 snRNP	Rogalska2022	TRUE
DDX23	ENSG00000174243	U5 snRNP	Rogalska2022	TRUE
TXNL4A	ENSG00000141759	U5 snRNP	Rogalska2022	FALSE
PRCC	ENSG00000143294	Recruited at Bact complex	Rogalska2022	FALSE
PPIL2	ENSG00000100023	Recruited at Bact complex	Rogalska2022	TRUE
CWC25	ENSG00000273559	Recruited at Bact complex	Rogalska2022	TRUE
SAP18	ENSG00000150459	EJC/mRNP	Rogalska2022	TRUE
GPATCH1	ENSG00000076650	Recruited at Bact complex	Rogalska2022	TRUE
RBMX2	ENSG00000134597	RES complex	Rogalska2022	TRUE
EIF4A3	ENSG00000141543	EJC/mRNP	Rogalska2022	TRUE
GPKOW	ENSG00000068394	Recruited at Bact complex	Rogalska2022	TRUE
RNF113A	ENSG00000125352	Recruited at Bact complex	Rogalska2022	FALSE
DHX16	ENSG00000204560	Recruited at Bact complex	Rogalska2022	TRUE
CWC27	ENSG00000153015	Recruited at Bact complex	Rogalska2022	FALSE
CWC22	ENSG00000163510	Recruited at Bact complex	Rogalska2022	TRUE
ZNF830	ENSG00000198783	Recruited at Bact complex	Rogalska2022	FALSE
CCDC12	ENSG00000160799	Recruited at Bact complex	Rogalska2022	FALSE
BUD13	ENSG00000137656	RES complex	Rogalska2022	TRUE
SNIP1	ENSG00000163877	RES complex	Rogalska2022	TRUE
CDC40	ENSG00000168438	Second step factors	Rogalska2022	TRUE
DHX35	ENSG00000101452	Recruited at C complex	Rogalska2022	FALSE
PRPF18	ENSG00000165630	Second step factors	Rogalska2022	TRUE
HNRNPC	ENSG00000092199	hnRNP	Rogalska2022	TRUE
MAGOH	ENSG00000162385	EJC/mRNP	Rogalska2022	TRUE
RBM8A	ENSG00000265241	EJC/mRNP	Rogalska2022	TRUE
HSPA8	ENSG00000109971	PRP19 complex	Rogalska2022	TRUE
PPIG	ENSG00000138398	Recruited at C complex	Rogalska2022	TRUE
ESS2	ENSG00000100056	Recruited at C complex	Rogalska2022	FALSE
CDK10	ENSG00000185324	Recruited at C complex	Rogalska2022	FALSE
FAM50A	ENSG00000071859	Recruited at C complex	Rogalska2022	TRUE
PPWD1	ENSG00000113593	Recruited at C complex	Rogalska2022	TRUE
SYF2	ENSG00000117614	Recruited at C complex	Rogalska2022	TRUE
FAM32A	ENSG00000105058	Recruited at C complex	Rogalska2022	TRUE
NOSIP	ENSG00000142546	Recruited at C complex	Rogalska2022	TRUE
DDX41	ENSG00000183258	Recruited at C complex	Rogalska2022	TRUE
C9orf78	ENSG00000136819	Recruited at C complex	Rogalska2022	TRUE
PPIL3	ENSG00000240344	Recruited at C complex	Rogalska2022	FALSE
CACTIN	ENSG00000105298	Recruited at C complex	Rogalska2022	TRUE
STEEP1	ENSG00000018610	Recruited at C complex	Rogalska2022	FALSE
LENG1	ENSG00000105617	Recruited at C complex	Rogalska2022	FALSE
WDR83	ENSG00000123154	Recruited at C complex	Rogalska2022	FALSE
FRA10AC1	ENSG00000148690	Recruited at C complex	Rogalska2022	TRUE
SDE2	ENSG00000143751	Recruited at C complex	Rogalska2022	TRUE
DHX8	ENSG00000067596	Second step factors	Rogalska2022	TRUE
SLU7	ENSG00000164609	Second step factors	Rogalska2022	TRUE
SRRM2	ENSG00000167978	SR-related	Rogalska2022	TRUE
CD2BP2	ENSG00000169217	U5 snRNP	Rogalska2022	FALSE
ELAVL1	ENSG00000066044	ASF	Rogalska2022	TRUE
RBFOX2	ENSG00000100320	ASF	Rogalska2022	TRUE
PTBP1	ENSG00000011304	ASF	Rogalska2022	TRUE
KHSRP	ENSG00000088247	ASF	Rogalska2022	TRUE
QKI	ENSG00000112531	ASF	Rogalska2022	TRUE
CELF1	ENSG00000149187	ASF	Rogalska2022	TRUE
RAVER1	ENSG00000161847	ASF	Rogalska2022	TRUE
MBNL1	ENSG00000152601	ASF	Rogalska2022	TRUE
FUBP1	ENSG00000162613	ASF	Rogalska2022	TRUE
MBNL2	ENSG00000139793	ASF	Rogalska2022	TRUE
CELF2	ENSG00000048740	ASF	Rogalska2022	TRUE
RAVER2	ENSG00000162437	ASF	Rogalska2022	TRUE
MBNL3	ENSG00000076770	ASF	Rogalska2022	TRUE
PTBP2	ENSG00000117569	ASF	Rogalska2022	TRUE
HNRNPF	ENSG00000169813	hnRNP	Rogalska2022	TRUE
HNRNPH1	ENSG00000169045	hnRNP	Rogalska2022	TRUE
SYNCRIP	ENSG00000135316	hnRNP	Rogalska2022	TRUE
HNRNPK	ENSG00000165119	hnRNP	Rogalska2022	TRUE
HNRNPL	ENSG00000104824	hnRNP	Rogalska2022	TRUE
HNRNPU	ENSG00000153187	hnRNP	Rogalska2022	TRUE
HNRNPM	ENSG00000099783	hnRNP	Rogalska2022	TRUE
PCBP1	ENSG00000169564	hnRNP	Rogalska2022	TRUE
FUS	ENSG00000089280	hnRNP	Rogalska2022	TRUE
PCBP2	ENSG00000197111	hnRNP	Rogalska2022	TRUE
HNRNPA2B1	ENSG00000122566	hnRNP	Rogalska2022	TRUE
HNRNPD	ENSG00000138668	hnRNP	Rogalska2022	TRUE
HNRNPLL	ENSG00000143889	hnRNP	Rogalska2022	TRUE
HNRNPH2	ENSG00000126945	hnRNP	Rogalska2022	TRUE
HNRNPH3	ENSG00000096746	hnRNP	Rogalska2022	TRUE
HNRNPDL	ENSG00000152795	hnRNP	Rogalska2022	TRUE
HNRNPR	ENSG00000125944	hnRNP	Rogalska2022	TRUE
HNRNPA0	ENSG00000177733	hnRNP	Rogalska2022	TRUE
HNRNPUL1	ENSG00000105323	hnRNP	Rogalska2022	TRUE
RALY	ENSG00000125970	hnRNP	Rogalska2022	TRUE
RBMXL2	ENSG00000170748	hnRNP	Rogalska2022	FALSE
RBMX	ENSG00000147274	hnRNP	Rogalska2022	TRUE
RALYL	ENSG00000184672	hnRNP	Rogalska2022	TRUE
HNRNPA3	ENSG00000170144	hnRNP	Rogalska2022	TRUE
HNRNPUL2	ENSG00000214753	hnRNP	Rogalska2022	TRUE
HNRNPCL1	ENSG00000179172	hnRNP	Rogalska2022	TRUE
RBM14	ENSG00000239306	RBD-containing	Rogalska2022	TRUE
DDX6	ENSG00000110367	RBD-containing	Rogalska2022	TRUE
DDX39B	ENSG00000198563	RBD-containing	Rogalska2022	TRUE
DDX21	ENSG00000165732	RBD-containing	Rogalska2022	TRUE
ZC3H11A	ENSG00000058673	RBD-containing	Rogalska2022	TRUE
DHX57	ENSG00000163214	RBD-containing	Rogalska2022	TRUE
RBM47	ENSG00000163694	RBD-containing	Rogalska2022	TRUE
ZNF326	ENSG00000162664	RBD-containing	Rogalska2022	TRUE
DDX1	ENSG00000079785	RBD-containing	Rogalska2022	TRUE
RBM3	ENSG00000102317	RBD-containing	Rogalska2022	TRUE
RBM4	ENSG00000173933	RBD-containing	Rogalska2022	TRUE
RBM14-RBM4	ENSG00000248643	RBD-containing	Rogalska2022	TRUE
ZNF131	ENSG00000172262	RBD-containing	Rogalska2022	FALSE
ZNF207	ENSG00000010244	RBD-containing	Rogalska2022	TRUE
DDX3Y	ENSG00000067048	RBD-containing	Rogalska2022	TRUE
DDX18	ENSG00000088205	RBD-containing	Rogalska2022	TRUE
ZMYM3	ENSG00000147130	RBD-containing	Rogalska2022	TRUE
RNF40	ENSG00000103549	RBD-containing	Rogalska2022	TRUE
DDX39A	ENSG00000123136	RBD-containing	Rogalska2022	TRUE
DDX19B	ENSG00000157349	RBD-containing	Rogalska2022	TRUE
DHX30	ENSG00000132153	RBD-containing	Rogalska2022	TRUE
ZC3H13	ENSG00000123200	RBD-containing	Rogalska2022	TRUE
GPATCH8	ENSG00000186566	RBD-containing	Rogalska2022	TRUE
ZC3H4	ENSG00000130749	RBD-containing	Rogalska2022	TRUE
ZNF346	ENSG00000113761	RBD-containing	Rogalska2022	TRUE
RBM15B	ENSG00000259956	RBD-containing	Rogalska2022	TRUE
ZFR	ENSG00000056097	RBD-containing	Rogalska2022	TRUE
RBM27	ENSG00000091009	RBD-containing	Rogalska2022	TRUE
AGGF1	ENSG00000164252	RBD-containing	Rogalska2022	FALSE
ZCCHC8	ENSG00000033030	RBD-containing	Rogalska2022	TRUE
DDX27	ENSG00000124228	RBD-containing	Rogalska2022	TRUE
ZMAT5	ENSG00000100319	RBD-containing	Rogalska2022	TRUE
RNF20	ENSG00000155827	RBD-containing	Rogalska2022	TRUE
ZC3HAV1	ENSG00000105939	RBD-containing	Rogalska2022	TRUE
RNF213	ENSG00000173821	RBD-containing	Rogalska2022	TRUE
GPATCH3	ENSG00000198746	RBD-containing	Rogalska2022	FALSE
RBM26	ENSG00000139746	RBD-containing	Rogalska2022	TRUE
RBM42	ENSG00000126254	RBD-containing	Rogalska2022	TRUE
DHX40	ENSG00000108406	RBD-containing	Rogalska2022	TRUE
RNF34	ENSG00000170633	RBD-containing	Rogalska2022	FALSE
ZCRB1	ENSG00000139168	RBD-containing	Rogalska2022	TRUE
ZC3H18	ENSG00000158545	RBD-containing	Rogalska2022	TRUE
RBM45	ENSG00000155636	RBD-containing	Rogalska2022	TRUE
DHX36	ENSG00000174953	RBD-containing	Rogalska2022	TRUE
CHAMP1	ENSG00000198824	RBD-containing	Rogalska2022	TRUE
RBMXL1	ENSG00000213516	RBD-containing	Rogalska2022	TRUE
NCBP1	ENSG00000136937	RBP	Rogalska2022	TRUE
RBM39	ENSG00000131051	RBP	Rogalska2022	TRUE
RBM15	ENSG00000162775	RBP	Rogalska2022	TRUE
NCBP2	ENSG00000114503	RBP	Rogalska2022	TRUE
KHDRBS1	ENSG00000121774	RBP	Rogalska2022	TRUE
EWSR1	ENSG00000182944	RBP	Rogalska2022	TRUE
DDX5	ENSG00000108654	RBP	Rogalska2022	TRUE
DDX3X	ENSG00000215301	RBP	Rogalska2022	TRUE
YBX1	ENSG00000065978	RBP	Rogalska2022	TRUE
NUMA1	ENSG00000137497	RBP	Rogalska2022	TRUE
PABPN1	ENSG00000100836	RBP	Rogalska2022	TRUE
PABPC4	ENSG00000090621	RBP	Rogalska2022	TRUE
DHX34	ENSG00000134815	RBP	Rogalska2022	TRUE
RBM7	ENSG00000076053	RBP	Rogalska2022	TRUE
DDX17	ENSG00000100201	RBP	Rogalska2022	TRUE
IGF2BP3	ENSG00000136231	RBP	Rogalska2022	TRUE
XRN2	ENSG00000088930	RBP	Rogalska2022	TRUE
PABPC1	ENSG00000070756	RBP	Rogalska2022	TRUE
SRRT	ENSG00000087087	RBP	Rogalska2022	TRUE
DDX19A	ENSG00000168872	RBP	Rogalska2022	TRUE
PAXBP1	ENSG00000159086	RBP	Rogalska2022	TRUE
SRSF9	ENSG00000111786	SR protein	Rogalska2022	TRUE
SRSF7	ENSG00000115875	SR protein	Rogalska2022	TRUE
SRSF3	ENSG00000112081	SR protein	Rogalska2022	TRUE
SRSF4	ENSG00000116350	SR protein	Rogalska2022	TRUE
TRA2A	ENSG00000164548	SR protein	Rogalska2022	TRUE
SRSF5	ENSG00000100650	SR protein	Rogalska2022	TRUE
SRSF1	ENSG00000136450	SR protein	Rogalska2022	TRUE
SRSF2	ENSG00000161547	SR protein	Rogalska2022	TRUE
SRSF11	ENSG00000116754	SR protein	Rogalska2022	TRUE
SRSF10	ENSG00000188529	SR protein	Rogalska2022	TRUE
SRSF6	ENSG00000124193	SR protein	Rogalska2022	TRUE
SFSWAP	ENSG00000061936	SR protein	Rogalska2022	TRUE
TRA2B	ENSG00000136527	SR protein	Rogalska2022	TRUE
SRSF8	ENSG00000263465	SR protein	Rogalska2022	TRUE
SRSF12	ENSG00000154548	SR protein	Rogalska2022	TRUE
SREK1	ENSG00000153914	SR protein	Rogalska2022	TRUE
DDX42	ENSG00000198231	17S U2 snRNP associated	Rogalska2022	TRUE
PNN	ENSG00000100941	EJC/mRNP	Rogalska2022	TRUE
UPF1	ENSG00000005007	EJC/mRNP	Rogalska2022	TRUE
ALYREF	ENSG00000183684	EJC/mRNP	Rogalska2022	TRUE
NXF1	ENSG00000162231	EJC/mRNP	Rogalska2022	TRUE
RNPS1	ENSG00000205937	EJC/mRNP	Rogalska2022	TRUE
CASC3	ENSG00000108349	EJC/mRNP	Rogalska2022	TRUE
ACIN1	ENSG00000100813	EJC/mRNP	Rogalska2022	TRUE
NXT1	ENSG00000132661	EJC/mRNP	Rogalska2022	FALSE
PRPF4B	ENSG00000112739	Recruited at B complex	Rogalska2022	TRUE
YJU2	ENSG00000105248	Recruited at Bact complex	Rogalska2022	FALSE
DHX38	ENSG00000140829	Second step factors	Rogalska2022	TRUE
LUC7L	ENSG00000007392	U1 snRNP	Rogalska2022	TRUE
ZRSR2	ENSG00000169249	U11/U12 snRNP	Rogalska2022	FALSE
SNRNP35	ENSG00000184209	U11/U12 snRNP	Rogalska2022	FALSE
RNPC3	ENSG00000185946	U11/U12 snRNP	Rogalska2022	FALSE
SNRNP25	ENSG00000161981	U11/U12 snRNP	Rogalska2022	FALSE
SNRNP48	ENSG00000168566	U11/U12 snRNP	Rogalska2022	FALSE
SART3	ENSG00000075856	U4/U6 recycling	Rogalska2022	TRUE
SFPQ	ENSG00000116560	linked to splicing	Rogalska2022	TRUE
NONO	ENSG00000147140	linked to splicing	Rogalska2022	TRUE
SRPK1	ENSG00000096063	linked to splicing	Rogalska2022	TRUE
DBR1	ENSG00000138231	linked to splicing	Rogalska2022	TRUE
LSM1	ENSG00000175324	LSm	Rogalska2022	TRUE
PRPF39	ENSG00000185246	Found with spliceosomes	Rogalska2022	TRUE
DHX9	ENSG00000135829	Found with spliceosomes	Rogalska2022	TRUE
SNRNP27	ENSG00000124380	Found with spliceosomes	Rogalska2022	TRUE
MTREX	ENSG00000039123	Found with spliceosomes	Rogalska2022	FALSE
PRPF38B	ENSG00000134186	Found with spliceosomes	Rogalska2022	TRUE
CCAR2	ENSG00000158941	Detected in Bact complex	Rogalska2022	TRUE
FRG1	ENSG00000109536	Detected in Bact complex	Rogalska2022	TRUE
MOV10	ENSG00000155363	Detected in Bact complex	Rogalska2022	TRUE
TRIM24	ENSG00000122779	Detected in Bact complex	Rogalska2022	TRUE
FUBP3	ENSG00000107164	Detected in Bact complex	Rogalska2022	TRUE
NCOR1	ENSG00000141027	Detected in Bact complex	Rogalska2022	TRUE
CFAP20	ENSG00000070761	Detected in Bact complex	Rogalska2022	TRUE
DDX50	ENSG00000107625	Detected in Bact complex	Rogalska2022	TRUE
FAM58A	ENSG00000147382	Detected in Bact complex	Rogalska2022	FALSE
GPATCH11	ENSG00000152133	Detected in Bact complex	Rogalska2022	FALSE
MATR3	ENSG00000015479	Detected in C complex	Rogalska2022	TRUE
JUP	ENSG00000173801	Detected in C complex	Rogalska2022	TRUE
BCAS1	ENSG00000064787	Detected in C complex	Rogalska2022	FALSE
RACK1	ENSG00000204628	Detected in C complex	Rogalska2022	TRUE
FAM50B	ENSG00000145945	Detected in C complex	Rogalska2022	FALSE
ZCCHC10	ENSG00000155329	Detected in C complex	Rogalska2022	FALSE
WDR70	ENSG00000082068	Detected in C complex	Rogalska2022	TRUE
NKAP	ENSG00000101882	Detected in C complex	Rogalska2022	TRUE
YJU2B	ENSG00000104957	Detected in C complex	Rogalska2022	FALSE
RBM4B	ENSG00000173914	Detected in C complex	Rogalska2022	TRUE
TOE1	ENSG00000132773	Detected in C complex	Rogalska2022	TRUE
TTC14	ENSG00000163728	Detected in C complex	Rogalska2022	FALSE
SRRM1	ENSG00000133226	SR-related	Rogalska2022	TRUE
THOC1	ENSG00000079134	TREX	Rogalska2022	FALSE
THOC5	ENSG00000100296	TREX	Rogalska2022	TRUE
THOC2	ENSG00000125676	TREX	Rogalska2022	TRUE
THOC6	ENSG00000131652	TREX	Rogalska2022	TRUE
THOC7	ENSG00000163634	TREX	Rogalska2022	FALSE
THOC3	ENSG00000051596	TREX	Rogalska2022	TRUE
ARGLU1	ENSG00000134884		hand-curated	TRUE
BCLAF1	ENSG00000029363		hand-curated	TRUE
BICC1	ENSG00000122870		hand-curated	TRUE
CELF3	ENSG00000159409		hand-curated	TRUE
CELF4	ENSG00000101489		hand-curated	FALSE
CELF5	ENSG00000161082		hand-curated	FALSE
CELF6	ENSG00000140488		hand-curated	FALSE
CLASRP	ENSG00000104859		hand-curated	TRUE
CPSF6	ENSG00000111605		hand-curated	TRUE
CPSF7	ENSG00000149532		hand-curated	TRUE
CSTF2	ENSG00000101811		hand-curated	TRUE
CSTF2T	ENSG00000177613		hand-curated	TRUE
CWC25	ENSG00000273559		hand-curated	TRUE
ELAVL2	ENSG00000107105		hand-curated	TRUE
ELAVL3	ENSG00000196361		hand-curated	TRUE
ELAVL4	ENSG00000162374		hand-curated	FALSE
ESRP1	ENSG00000104413		hand-curated	TRUE
ESRP2	ENSG00000103067		hand-curated	TRUE
GRSF1	ENSG00000132463		hand-curated	TRUE
KHDRBS2	ENSG00000112232		hand-curated	FALSE
KHDRBS3	ENSG00000131773		hand-curated	TRUE
LSM10	ENSG00000181817		hand-curated	TRUE
LUC7L3	ENSG00000108848		hand-curated	TRUE
MEX3B	ENSG00000183496		hand-curated	TRUE
MEX3C	ENSG00000176624		hand-curated	TRUE
MEX3D	ENSG00000181588		hand-curated	TRUE
MSI1	ENSG00000135097		hand-curated	TRUE
MSI2	ENSG00000153944		hand-curated	TRUE
NAA38	ENSG00000183011		hand-curated	FALSE
NELFE	ENSG00000204356		hand-curated	TRUE
NOVA1	ENSG00000139910		hand-curated	TRUE
NOVA2	ENSG00000104967		hand-curated	TRUE
PCBP3	ENSG00000183570		hand-curated	TRUE
PCBP4	ENSG00000090097		hand-curated	TRUE
PNISR	ENSG00000132424		hand-curated	TRUE
PRPF40B	ENSG00000110844		hand-curated	FALSE
PSIP1	ENSG00000164985		hand-curated	TRUE
PTBP3	ENSG00000119314		hand-curated	TRUE
RBFOX1	ENSG00000078328		hand-curated	TRUE
RBM6	ENSG00000004534		hand-curated	TRUE
RBM12	ENSG00000244462		hand-curated	TRUE
RBM18	ENSG00000119446		hand-curated	FALSE
RBM19	ENSG00000122965		hand-curated	TRUE
RBM20	ENSG00000203867		hand-curated	TRUE
RBM24	ENSG00000112183		hand-curated	TRUE
RBM28	ENSG00000106344		hand-curated	TRUE
RBM33	ENSG00000184863		hand-curated	TRUE
RBM34	ENSG00000188739		hand-curated	TRUE
RBM38	ENSG00000132819		hand-curated	TRUE
RBM41	ENSG00000089682		hand-curated	TRUE
RBM43	ENSG00000184898		hand-curated	FALSE
RBMS1	ENSG00000153250		hand-curated	TRUE
RBMS2	ENSG00000076067		hand-curated	TRUE
RBMS3	ENSG00000144642		hand-curated	TRUE
RBPMS	ENSG00000157110		hand-curated	TRUE
RBPMS2	ENSG00000166831		hand-curated	TRUE
SCAF1	ENSG00000126461		hand-curated	TRUE
SCAF4	ENSG00000156304		hand-curated	TRUE
SCAF8	ENSG00000213079		hand-curated	TRUE
SCAF11	ENSG00000139218		hand-curated	TRUE
SRPK2	ENSG00000135250		hand-curated	TRUE
SRPK3	ENSG00000184343		hand-curated	FALSE
SRRM3	ENSG00000177679		hand-curated	FALSE
SRRM4	ENSG00000139767		hand-curated	FALSE
TIA1	ENSG00000116001		hand-curated	TRUE
TIAL1	ENSG00000151923		hand-curated	TRUE
UHMK1	ENSG00000152332		hand-curated	FALSE
AAR2	ENSG00000131043		GOBP_RNA_SPLICING	TRUE
AFF2	ENSG00000155966		GOBP_RNA_SPLICING	FALSE
AHNAK	ENSG00000124942		GOBP_RNA_SPLICING	TRUE
AHNAK2	ENSG00000185567		GOBP_RNA_SPLICING	TRUE
AKAP8L	ENSG00000011243		GOBP_RNA_SPLICING	TRUE
AKAP17A	ENSG00000197976		GOBP_RNA_SPLICING	TRUE
ARL6IP4	ENSG00000182196		GOBP_RNA_SPLICING	TRUE
ARVCF	ENSG00000099889		GOBP_RNA_SPLICING	FALSE
ATXN7	ENSG00000163635		GOBP_RNA_SPLICING	FALSE
ATXN7L3	ENSG00000087152		GOBP_RNA_SPLICING	FALSE
BRDT	ENSG00000137948		GOBP_RNA_SPLICING	FALSE
C1QBP	ENSG00000108561		GOBP_RNA_SPLICING	TRUE
C2orf49	ENSG00000135974		GOBP_RNA_SPLICING	FALSE
CCNL1	ENSG00000163660		GOBP_RNA_SPLICING	FALSE
CCNL2	ENSG00000221978		GOBP_RNA_SPLICING	FALSE
CDK12	ENSG00000167258		GOBP_RNA_SPLICING	TRUE
CDK13	ENSG00000065883		GOBP_RNA_SPLICING	TRUE
CIR1	ENSG00000138433		GOBP_RNA_SPLICING	TRUE
CIRBP	ENSG00000099622		GOBP_RNA_SPLICING	TRUE
CLK1	ENSG00000013441		GOBP_RNA_SPLICING	FALSE
CLK2	ENSG00000176444		GOBP_RNA_SPLICING	TRUE
CLK3	ENSG00000179335		GOBP_RNA_SPLICING	TRUE
CLK4	ENSG00000113240		GOBP_RNA_SPLICING	FALSE
CLNS1A	ENSG00000074201		GOBP_RNA_SPLICING	TRUE
CLP1	ENSG00000172409		GOBP_RNA_SPLICING	FALSE
COIL	ENSG00000121058		GOBP_RNA_SPLICING	TRUE
CWF19L1	ENSG00000095485		GOBP_RNA_SPLICING	TRUE
CWF19L2	ENSG00000152404		GOBP_RNA_SPLICING	TRUE
DAZAP1	ENSG00000071626		GOBP_RNA_SPLICING	TRUE
DCPS	ENSG00000110063		GOBP_RNA_SPLICING	TRUE
DDX20	ENSG00000064703		GOBP_RNA_SPLICING	TRUE
DDX47	ENSG00000213782		GOBP_RNA_SPLICING	TRUE
DNAJC17	ENSG00000104129		GOBP_RNA_SPLICING	FALSE
DYRK1A	ENSG00000157540		GOBP_RNA_SPLICING	TRUE
ECD	ENSG00000122882		GOBP_RNA_SPLICING	FALSE
ENY2	ENSG00000120533		GOBP_RNA_SPLICING	TRUE
ERN1	ENSG00000178607		GOBP_RNA_SPLICING	FALSE
FAM98A	ENSG00000119812		GOBP_RNA_SPLICING	TRUE
FAM98B	ENSG00000171262		GOBP_RNA_SPLICING	TRUE
FAM172A	ENSG00000113391		GOBP_RNA_SPLICING	FALSE
FASTK	ENSG00000164896		GOBP_RNA_SPLICING	TRUE
FMR1	ENSG00000102081		GOBP_RNA_SPLICING	TRUE
FXR1	ENSG00000114416		GOBP_RNA_SPLICING	TRUE
FXR2	ENSG00000129245		GOBP_RNA_SPLICING	TRUE
GCFC2	ENSG00000005436		GOBP_RNA_SPLICING	TRUE
GEMIN2	ENSG00000092208		GOBP_RNA_SPLICING	FALSE
GEMIN4	ENSG00000179409		GOBP_RNA_SPLICING	TRUE
GEMIN5	ENSG00000082516		GOBP_RNA_SPLICING	TRUE
GEMIN6	ENSG00000152147		GOBP_RNA_SPLICING	TRUE
GEMIN7	ENSG00000142252		GOBP_RNA_SPLICING	FALSE
GEMIN8	ENSG00000046647		GOBP_RNA_SPLICING	FALSE
HABP4	ENSG00000130956		GOBP_RNA_SPLICING	TRUE
HMX2	ENSG00000188816		GOBP_RNA_SPLICING	FALSE
HNRNPA1L2	ENSG00000139675		GOBP_RNA_SPLICING	TRUE
HOXB-AS3	ENSG00000233101		GOBP_RNA_SPLICING	FALSE
HSPA1A	ENSG00000204389		GOBP_RNA_SPLICING	TRUE
ILDR1	ENSG00000145103		GOBP_RNA_SPLICING	FALSE
ILDR2	ENSG00000143195		GOBP_RNA_SPLICING	FALSE
IVNS1ABP	ENSG00000116679		GOBP_RNA_SPLICING	FALSE
IWS1	ENSG00000163166		GOBP_RNA_SPLICING	TRUE
JMJD6	ENSG00000070495		GOBP_RNA_SPLICING	TRUE
KAT2A	ENSG00000108773		GOBP_RNA_SPLICING	FALSE
KAT2B	ENSG00000114166		GOBP_RNA_SPLICING	FALSE
KDM1A	ENSG00000004487		GOBP_RNA_SPLICING	TRUE
KHDC4	ENSG00000132680		GOBP_RNA_SPLICING	FALSE
LARP7	ENSG00000174720		GOBP_RNA_SPLICING	TRUE
LGALS3	ENSG00000131981		GOBP_RNA_SPLICING	TRUE
LUC7L2	ENSG00000146963		GOBP_RNA_SPLICING	TRUE
MAGOHB	ENSG00000111196		GOBP_RNA_SPLICING	TRUE
METTL3	ENSG00000165819		GOBP_RNA_SPLICING	TRUE
METTL4	ENSG00000101574		GOBP_RNA_SPLICING	FALSE
METTL14	ENSG00000145388		GOBP_RNA_SPLICING	FALSE
METTL16	ENSG00000127804		GOBP_RNA_SPLICING	TRUE
MPHOSPH10	ENSG00000124383		GOBP_RNA_SPLICING	TRUE
MYOD1	ENSG00000129152		GOBP_RNA_SPLICING	FALSE
NCBP2L	ENSG00000170935		GOBP_RNA_SPLICING	FALSE
NCL	ENSG00000115053		GOBP_RNA_SPLICING	TRUE
NOL3	ENSG00000140939		GOBP_RNA_SPLICING	FALSE
NPM1	ENSG00000181163		GOBP_RNA_SPLICING	TRUE
NRDE2	ENSG00000119720		GOBP_RNA_SPLICING	TRUE
NSRP1	ENSG00000126653		GOBP_RNA_SPLICING	TRUE
NUP98	ENSG00000110713		GOBP_RNA_SPLICING	TRUE
OVAAL	ENSG00000236719		GOBP_RNA_SPLICING	FALSE
PDCD7	ENSG00000090470		GOBP_RNA_SPLICING	TRUE
PIK3R1	ENSG00000145675		GOBP_RNA_SPLICING	FALSE
POLR2A	ENSG00000181222		GOBP_RNA_SPLICING	TRUE
PPARGC1A	ENSG00000109819		GOBP_RNA_SPLICING	FALSE
PPP1R8	ENSG00000117751		GOBP_RNA_SPLICING	TRUE
PPP1R9B	ENSG00000108819		GOBP_RNA_SPLICING	TRUE
PPP2CA	ENSG00000113575		GOBP_RNA_SPLICING	TRUE
PPP2R1A	ENSG00000105568		GOBP_RNA_SPLICING	TRUE
PPP4R2	ENSG00000163605		GOBP_RNA_SPLICING	TRUE
PRDX6	ENSG00000117592		GOBP_RNA_SPLICING	TRUE
PRKRIP1	ENSG00000128563		GOBP_RNA_SPLICING	FALSE
PRMT1	ENSG00000126457		GOBP_RNA_SPLICING	TRUE
PRMT5	ENSG00000100462		GOBP_RNA_SPLICING	TRUE
PRMT7	ENSG00000132600		GOBP_RNA_SPLICING	FALSE
PRX	ENSG00000105227		GOBP_RNA_SPLICING	FALSE
PUS1	ENSG00000177192		GOBP_RNA_SPLICING	TRUE
PUS7	ENSG00000091127		GOBP_RNA_SPLICING	TRUE
RBFOX3	ENSG00000167281		GOBP_RNA_SPLICING	FALSE
RBM11	ENSG00000185272		GOBP_RNA_SPLICING	TRUE
RBM12B	ENSG00000183808		GOBP_RNA_SPLICING	TRUE
RBM15B	ENSG00000259956		GOBP_RNA_SPLICING	TRUE
RBM23	ENSG00000100461		GOBP_RNA_SPLICING	TRUE
RBM44	ENSG00000177483		GOBP_RNA_SPLICING	FALSE
RBMXL3	ENSG00000175718		GOBP_RNA_SPLICING	FALSE
RBMY1A1	ENSG00000234414		GOBP_RNA_SPLICING	FALSE
RBMY1B	ENSG00000242875		GOBP_RNA_SPLICING	FALSE
RBMY1D	ENSG00000244395		GOBP_RNA_SPLICING	FALSE
RBMY1E	ENSG00000242389		GOBP_RNA_SPLICING	FALSE
RBMY1F	ENSG00000169800		GOBP_RNA_SPLICING	FALSE
RBMY1J	ENSG00000226941		GOBP_RNA_SPLICING	FALSE
REST	ENSG00000084093		GOBP_RNA_SPLICING	FALSE
RNF113B	ENSG00000139797		GOBP_RNA_SPLICING	FALSE
RNU1-4	ENSG00000207389		GOBP_RNA_SPLICING	FALSE
RNU4-2	ENSG00000202538		GOBP_RNA_SPLICING	FALSE
RNU4ATAC	ENSG00000264229		GOBP_RNA_SPLICING	FALSE
RNU5B-1	ENSG00000200156		GOBP_RNA_SPLICING	FALSE
RNU5D-1	ENSG00000200169		GOBP_RNA_SPLICING	FALSE
RNU5E-1	ENSG00000199347		GOBP_RNA_SPLICING	FALSE
RNU5F-1	ENSG00000199377		GOBP_RNA_SPLICING	FALSE
RNU6-7	ENSG00000201654		GOBP_RNA_SPLICING	FALSE
RNU6-9	ENSG00000207507		GOBP_RNA_SPLICING	FALSE
RNU6ATAC	ENSG00000221676		GOBP_RNA_SPLICING	FALSE
RNU11	ENSG00000274978		GOBP_RNA_SPLICING	FALSE
RNVU1-1	ENSG00000207340		GOBP_RNA_SPLICING	FALSE
RNVU1-2A	ENSG00000278099		GOBP_RNA_SPLICING	FALSE
RNVU1-4	ENSG00000277610		GOBP_RNA_SPLICING	FALSE
RNVU1-6	ENSG00000201558		GOBP_RNA_SPLICING	FALSE
RNVU1-7	ENSG00000206585		GOBP_RNA_SPLICING	FALSE
RNVU1-14	ENSG00000207501		GOBP_RNA_SPLICING	FALSE
RNVU1-15	ENSG00000207205		GOBP_RNA_SPLICING	FALSE
RNVU1-17	ENSG00000207349		GOBP_RNA_SPLICING	FALSE
RNVU1-19	ENSG00000275538		GOBP_RNA_SPLICING	FALSE
RP9	ENSG00000164610		GOBP_RNA_SPLICING	TRUE
RPS13	ENSG00000110700		GOBP_RNA_SPLICING	TRUE
RPS26	ENSG00000197728		GOBP_RNA_SPLICING	TRUE
RPUSD4	ENSG00000165526		GOBP_RNA_SPLICING	TRUE
RRAGC	ENSG00000116954		GOBP_RNA_SPLICING	FALSE
RRP1B	ENSG00000160208		GOBP_RNA_SPLICING	TRUE
RSRC1	ENSG00000174891		GOBP_RNA_SPLICING	TRUE
RTCB	ENSG00000100220		GOBP_RNA_SPLICING	TRUE
RTRAF	ENSG00000087302		GOBP_RNA_SPLICING	FALSE
SCNM1	ENSG00000163156		GOBP_RNA_SPLICING	TRUE
SETX	ENSG00000107290		GOBP_RNA_SPLICING	FALSE
SGF29	ENSG00000176476		GOBP_RNA_SPLICING	FALSE
SLC38A2	ENSG00000134294		GOBP_RNA_SPLICING	TRUE
SLC39A5	ENSG00000139540		GOBP_RNA_SPLICING	FALSE
SMN1	ENSG00000172062		GOBP_RNA_SPLICING	TRUE
SMN2	ENSG00000205571		GOBP_RNA_SPLICING	TRUE
SNRPN	ENSG00000128739		GOBP_RNA_SPLICING	TRUE
SON	ENSG00000159140		GOBP_RNA_SPLICING	TRUE
SREK1IP1	ENSG00000153006		GOBP_RNA_SPLICING	FALSE
STH	ENSG00000256762		GOBP_RNA_SPLICING	FALSE
STRAP	ENSG00000023734		GOBP_RNA_SPLICING	TRUE
SUGP2	ENSG00000064607		GOBP_RNA_SPLICING	TRUE
SUPT3H	ENSG00000196284		GOBP_RNA_SPLICING	FALSE
SUPT6H	ENSG00000109111		GOBP_RNA_SPLICING	TRUE
SUPT7L	ENSG00000119760		GOBP_RNA_SPLICING	FALSE
SUPT20H	ENSG00000102710		GOBP_RNA_SPLICING	FALSE
TADA1	ENSG00000152382		GOBP_RNA_SPLICING	FALSE
TADA2B	ENSG00000173011		GOBP_RNA_SPLICING	FALSE
TADA3	ENSG00000171148		GOBP_RNA_SPLICING	FALSE
TAF5L	ENSG00000135801		GOBP_RNA_SPLICING	FALSE
TAF6L	ENSG00000162227		GOBP_RNA_SPLICING	FALSE
TAF9	ENSG00000273841		GOBP_RNA_SPLICING	TRUE
TAF10	ENSG00000166337		GOBP_RNA_SPLICING	TRUE
TAF12	ENSG00000120656		GOBP_RNA_SPLICING	FALSE
TAF15	ENSG00000270647		GOBP_RNA_SPLICING	TRUE
TARDBP	ENSG00000120948		GOBP_RNA_SPLICING	TRUE
TCERG1	ENSG00000113649		GOBP_RNA_SPLICING	TRUE
TGS1	ENSG00000137574		GOBP_RNA_SPLICING	TRUE
TMBIM6	ENSG00000139644		GOBP_RNA_SPLICING	FALSE
TRPT1	ENSG00000149743		GOBP_RNA_SPLICING	TRUE
TRRAP	ENSG00000196367		GOBP_RNA_SPLICING	TRUE
TSEN2	ENSG00000154743		GOBP_RNA_SPLICING	FALSE
TSEN15	ENSG00000198860		GOBP_RNA_SPLICING	FALSE
TSEN34	ENSG00000170892		GOBP_RNA_SPLICING	FALSE
TSEN54	ENSG00000182173		GOBP_RNA_SPLICING	FALSE
TTF2	ENSG00000116830		GOBP_RNA_SPLICING	TRUE
TXNL4B	ENSG00000140830		GOBP_RNA_SPLICING	FALSE
U2AF1L4	ENSG00000161265		GOBP_RNA_SPLICING	FALSE
UBL5	ENSG00000198258		GOBP_RNA_SPLICING	TRUE
UMOD	ENSG00000169344		GOBP_RNA_SPLICING	FALSE
USB1	ENSG00000103005		GOBP_RNA_SPLICING	FALSE
USP4	ENSG00000114316		GOBP_RNA_SPLICING	FALSE
USP22	ENSG00000124422		GOBP_RNA_SPLICING	TRUE
USP49	ENSG00000164663		GOBP_RNA_SPLICING	FALSE
VIRMA	ENSG00000164944		GOBP_RNA_SPLICING	FALSE
WDR77	ENSG00000116455		GOBP_RNA_SPLICING	TRUE
WEE2-AS1	ENSG00000228775		GOBP_RNA_SPLICING	FALSE
WT1	ENSG00000184937		GOBP_RNA_SPLICING	FALSE
WTAP	ENSG00000146457		GOBP_RNA_SPLICING	FALSE
YTHDC1	ENSG00000083896		GOBP_RNA_SPLICING	TRUE
ZBTB7A	ENSG00000178951		GOBP_RNA_SPLICING	FALSE
ZBTB8OS	ENSG00000176261		GOBP_RNA_SPLICING	FALSE
ZC3H10	ENSG00000135482		GOBP_RNA_SPLICING	TRUE
ZNF638	ENSG00000075292		GOBP_RNA_SPLICING	TRUE
ZPR1	ENSG00000109917		GOBP_RNA_SPLICING	TRUE
ZRANB2	ENSG00000132485		GOBP_RNA_SPLICING	TRUE
ZRSR2P1	ENSG00000212643		GOBP_RNA_SPLICING	FALSE