GENE	ENSEMBL	class	source	in_Rogalska2022	in_Hegele2012	in_handcurated	in_encore_kd	in_encore_ko	binds_rna_gomf	splicing_factor_gobp	in_postar3
HTATSF1	ENSG00000102241	17S U2 snRNP associated	Rogalska2022	True	True	False	False	False	True	True	False
DDX46	ENSG00000145833	17S U2 snRNP associated	Rogalska2022	True	True	False	False	False	True	True	False
SF3A2	ENSG00000104897	17S U2 snRNP	Rogalska2022	True	True	True	False	True	True	True	False
SF3A1	ENSG00000099995	17S U2 snRNP	Rogalska2022	True	True	True	False	True	True	True	False
SF3B1	ENSG00000115524	17S U2 snRNP	Rogalska2022	True	True	True	True	True	True	True	True
RNU2-65P	ENSG00000222094	17S U2 snRNP	Rogalska2022	True	False	False	False	False	False	False	False
SNRPA1	ENSG00000131876	17S U2 snRNP	Rogalska2022	True	True	True	False	False	True	True	False
SNRPB2	ENSG00000125870	17S U2 snRNP	Rogalska2022	True	True	True	False	False	True	True	False
SF3B4	ENSG00000143368	17S U2 snRNP	Rogalska2022	True	True	True	True	False	True	True	True
SF3A3	ENSG00000183431	17S U2 snRNP	Rogalska2022	True	True	True	True	False	True	True	True
SF3B2	ENSG00000087365	17S U2 snRNP	Rogalska2022	True	True	True	False	True	True	True	False
SF3B3	ENSG00000189091	17S U2 snRNP	Rogalska2022	True	True	True	False	True	True	True	False
SF3B6	ENSG00000115128	17S U2 snRNP	Rogalska2022	True	True	False	False	False	True	True	False
SF3B5	ENSG00000169976	17S U2 snRNP	Rogalska2022	True	True	False	False	False	True	True	False
PHF5A	ENSG00000100410	17S U2 snRNP	Rogalska2022	True	True	False	False	False	True	True	False
SNRPB	ENSG00000125835	Sm	Rogalska2022	True	True	True	False	False	True	True	False
SNRPD1	ENSG00000167088	Sm	Rogalska2022	True	True	True	False	False	True	True	False
SNRPD2	ENSG00000125743	Sm	Rogalska2022	True	True	False	False	False	True	True	False
SNRPD3	ENSG00000100028	Sm	Rogalska2022	True	True	True	False	False	True	True	False
SNRPE	ENSG00000182004	Sm	Rogalska2022	True	True	True	False	False	True	True	False
SNRPF	ENSG00000139343	Sm	Rogalska2022	True	True	True	False	False	True	True	False
SNRPG	ENSG00000143977	Sm	Rogalska2022	True	True	False	False	False	True	True	False
HNRNPA1	ENSG00000135486	hnRNP	Rogalska2022	True	True	True	True	False	True	True	True
HNRNPAB	ENSG00000197451	hnRNP	Rogalska2022	True	True	True	True	False	True	False	False
U2AF1	ENSG00000160201	17S U2 snRNP associated	Rogalska2022	True	True	True	True	False	True	True	True
U2AF2	ENSG00000063244	17S U2 snRNP associated	Rogalska2022	True	True	True	True	False	True	True	True
RBM17	ENSG00000134453	17S U2 snRNP associated	Rogalska2022	True	True	True	True	False	True	True	False
PUF60	ENSG00000179950	17S U2 snRNP associated	Rogalska2022	True	True	True	True	False	True	True	False
SMNDC1	ENSG00000119953	17S U2 snRNP associated	Rogalska2022	True	True	True	True	False	True	True	True
CHERP	ENSG00000085872	17S U2 snRNP associated	Rogalska2022	True	True	False	False	False	True	False	False
U2SURP	ENSG00000163714	17S U2 snRNP associated	Rogalska2022	True	True	True	False	False	True	False	False
RBM25	ENSG00000119707	Recruited at A complex	Rogalska2022	True	True	True	True	True	True	True	False
RBM5	ENSG00000003756	Recruited at A complex	Rogalska2022	True	True	True	False	True	True	True	True
SF1	ENSG00000168066	Recruited at A complex	Rogalska2022	True	True	True	True	False	True	True	False
RBM10	ENSG00000182872	Recruited at A complex	Rogalska2022	True	True	True	False	False	True	True	True
THRAP3	ENSG00000054118	Recruited at A complex	Rogalska2022	True	True	False	False	False	True	True	False
PRPF40A	ENSG00000196504	Recruited at A complex	Rogalska2022	True	True	True	False	False	True	True	False
CCAR1	ENSG00000060339	Recruited at A complex	Rogalska2022	True	True	False	True	False	True	False	False
SUGP1	ENSG00000105705	Recruited at A complex	Rogalska2022	True	True	False	False	False	True	True	False
DHX15	ENSG00000109606	17S U2 snRNP associated	Rogalska2022	True	True	False	False	False	True	True	False
SNRNP70	ENSG00000104852	U1 snRNP	Rogalska2022	True	True	True	True	False	True	True	False
SNRPA	ENSG00000077312	U1 snRNP	Rogalska2022	True	True	False	False	False	True	True	False
SNRPC	ENSG00000124562	U1 snRNP	Rogalska2022	True	True	True	False	True	True	True	False
RNU1-1	ENSG00000206652	U1 snRNP	Rogalska2022	True	False	False	False	False	False	False	False
PQBP1	ENSG00000102103	PRP19 complex	Rogalska2022	True	True	False	False	False	False	True	False
WBP11	ENSG00000084463	PRP19 complex	Rogalska2022	True	True	False	False	True	True	True	False
TFIP11	ENSG00000100109	Recruited at B complex	Rogalska2022	True	True	False	True	False	False	True	False
IK	ENSG00000113141	Recruited at B complex	Rogalska2022	True	True	False	False	False	False	True	False
MFAP1	ENSG00000140259	Recruited at B complex	Rogalska2022	True	True	False	False	False	True	True	False
WBP4	ENSG00000120688	Recruited at B complex	Rogalska2022	True	False	False	False	False	True	True	False
SMU1	ENSG00000122692	Recruited at B complex	Rogalska2022	True	True	True	False	False	False	True	False
PRPF38A	ENSG00000134748	Recruited at B complex	Rogalska2022	True	True	True	False	False	True	True	False
ZMAT2	ENSG00000146007	Recruited at B complex	Rogalska2022	True	True	False	False	False	False	True	False
CDC5L	ENSG00000096401	PRP19 complex	Rogalska2022	True	True	False	False	True	True	True	False
PLRG1	ENSG00000171566	PRP19 complex	Rogalska2022	True	True	False	False	False	False	True	False
BCAS2	ENSG00000116752	PRP19 complex	Rogalska2022	True	True	True	False	False	False	True	False
PRPF19	ENSG00000110107	PRP19 complex	Rogalska2022	True	True	True	False	False	False	True	False
CWC15	ENSG00000150316	PRP19 complex	Rogalska2022	True	True	True	False	True	True	True	False
CTNNBL1	ENSG00000132792	PRP19 complex	Rogalska2022	True	True	False	False	False	False	True	False
RBM22	ENSG00000086589	PRP19-related	Rogalska2022	True	True	True	True	False	True	True	True
BUD31	ENSG00000106245	PRP19-related	Rogalska2022	True	True	True	False	False	False	True	False
AQR	ENSG00000021776	PRP19-related	Rogalska2022	True	True	True	True	False	True	True	True
PPIE	ENSG00000084072	PRP19-related	Rogalska2022	True	True	False	False	False	True	True	False
SNW1	ENSG00000100603	PRP19-related	Rogalska2022	True	True	False	False	True	True	True	False
CRNKL1	ENSG00000101343	PRP19-related	Rogalska2022	True	True	False	False	False	True	True	False
PPIL1	ENSG00000137168	PRP19-related	Rogalska2022	True	True	False	False	False	False	True	False
XAB2	ENSG00000076924	PRP19-related	Rogalska2022	True	True	False	False	False	False	True	False
ISY1	ENSG00000240682	PRP19-related	Rogalska2022	True	True	False	False	False	True	True	False
RNU6-1	ENSG00000206625	U4/U6 snRNP	Rogalska2022	True	False	False	False	False	True	True	False
PRPF8	ENSG00000174231	U5 snRNP	Rogalska2022	True	True	True	True	True	True	True	True
EFTUD2	ENSG00000108883	U5 snRNP	Rogalska2022	True	True	False	True	False	True	True	True
SNRNP40	ENSG00000060688	U5 snRNP	Rogalska2022	True	True	True	False	False	True	True	False
SNRNP200	ENSG00000144028	U5 snRNP	Rogalska2022	True	True	True	True	False	True	True	False
RNU5A-1	ENSG00000199568	U5 snRNP	Rogalska2022	True	False	False	False	False	False	True	False
LSM7	ENSG00000130332	LSm	Rogalska2022	True	True	True	False	True	True	True	False
LSM6	ENSG00000164167	LSm	Rogalska2022	True	True	True	False	False	True	True	False
LSM5	ENSG00000106355	LSm	Rogalska2022	True	True	True	False	False	True	True	False
LSM4	ENSG00000130520	LSm	Rogalska2022	True	True	True	False	False	True	True	False
LSM3	ENSG00000170860	LSm	Rogalska2022	True	True	True	False	False	True	True	False
LSM8	ENSG00000128534	LSm	Rogalska2022	True	True	False	False	False	True	True	False
LSM2	ENSG00000204392	LSm	Rogalska2022	True	True	True	False	False	True	True	False
SART1	ENSG00000175467	tri-snRNP	Rogalska2022	True	True	True	False	True	True	True	False
USP39	ENSG00000168883	tri-snRNP	Rogalska2022	True	True	False	False	False	False	True	False
SNU13	ENSG00000100138	U4/U6 snRNP	Rogalska2022	True	True	False	False	False	True	True	False
PRPF4	ENSG00000136875	U4/U6 snRNP	Rogalska2022	True	True	True	True	False	True	True	True
PRPF3	ENSG00000117360	U4/U6 snRNP	Rogalska2022	True	True	True	False	True	True	True	False
PPIH	ENSG00000171960	U4/U6 snRNP	Rogalska2022	True	True	False	False	False	False	True	False
PRPF31	ENSG00000105618	U4/U6 snRNP	Rogalska2022	True	True	False	False	False	True	True	False
RNU4-1	ENSG00000200795	U4/U6 snRNP	Rogalska2022	True	False	False	False	False	True	True	False
PRPF6	ENSG00000101161	U5 snRNP	Rogalska2022	True	True	True	True	False	True	True	False
DDX23	ENSG00000174243	U5 snRNP	Rogalska2022	True	True	False	False	True	True	True	False
TXNL4A	ENSG00000141759	U5 snRNP	Rogalska2022	True	True	False	False	False	False	True	False
PRCC	ENSG00000143294	Recruited at Bact complex	Rogalska2022	True	True	False	False	False	False	False	False
PPIL2	ENSG00000100023	Recruited at Bact complex	Rogalska2022	True	True	False	False	False	False	False	False
CWC25	ENSG00000273559	Recruited at Bact complex	Rogalska2022	True	False	True	False	False	False	True	False
SAP18	ENSG00000150459	EJC/mRNP	Rogalska2022	True	True	False	False	False	True	True	False
GPATCH1	ENSG00000076650	Recruited at Bact complex	Rogalska2022	True	True	False	False	False	True	True	False
RBMX2	ENSG00000134597	RES complex	Rogalska2022	True	True	True	False	False	True	True	False
EIF4A3	ENSG00000141543	EJC/mRNP	Rogalska2022	True	True	False	True	True	True	True	True
GPKOW	ENSG00000068394	Recruited at Bact complex	Rogalska2022	True	True	False	True	False	True	True	True
RNF113A	ENSG00000125352	Recruited at Bact complex	Rogalska2022	True	True	False	False	False	False	True	False
DHX16	ENSG00000204560	Recruited at Bact complex	Rogalska2022	True	True	False	False	False	True	True	False
CWC27	ENSG00000153015	Recruited at Bact complex	Rogalska2022	True	True	False	False	False	False	True	False
CWC22	ENSG00000163510	Recruited at Bact complex	Rogalska2022	True	True	False	False	False	True	True	False
ZNF830	ENSG00000198783	Recruited at Bact complex	Rogalska2022	True	True	False	False	False	False	True	False
CCDC12	ENSG00000160799	Recruited at Bact complex	Rogalska2022	True	True	False	False	False	False	False	False
BUD13	ENSG00000137656	RES complex	Rogalska2022	True	True	True	True	False	True	True	True
SNIP1	ENSG00000163877	RES complex	Rogalska2022	True	True	True	False	False	True	True	False
CDC40	ENSG00000168438	Second step factors	Rogalska2022	True	True	False	False	True	True	True	True
DHX35	ENSG00000101452	Recruited at C complex	Rogalska2022	True	True	False	False	False	True	True	False
PRPF18	ENSG00000165630	Second step factors	Rogalska2022	True	True	True	False	False	False	True	False
HNRNPC	ENSG00000092199	hnRNP	Rogalska2022	True	True	True	True	False	True	True	True
MAGOH	ENSG00000162385	EJC/mRNP	Rogalska2022	True	True	True	True	False	True	True	False
RBM8A	ENSG00000265241	EJC/mRNP	Rogalska2022	True	True	False	False	True	True	True	False
HSPA8	ENSG00000109971	PRP19 complex	Rogalska2022	True	True	False	False	False	True	True	False
PPIG	ENSG00000138398	Recruited at C complex	Rogalska2022	True	True	False	True	False	True	True	True
ESS2	ENSG00000100056	Recruited at C complex	Rogalska2022	True	True	False	False	False	False	True	False
CDK10	ENSG00000185324	Recruited at C complex	Rogalska2022	True	True	False	False	False	False	False	False
FAM50A	ENSG00000071859	Recruited at C complex	Rogalska2022	True	True	False	False	False	True	True	False
PPWD1	ENSG00000113593	Recruited at C complex	Rogalska2022	True	True	False	False	False	False	True	False
SYF2	ENSG00000117614	Recruited at C complex	Rogalska2022	True	True	True	False	False	True	True	False
FAM32A	ENSG00000105058	Recruited at C complex	Rogalska2022	True	True	False	False	False	True	False	False
NOSIP	ENSG00000142546	Recruited at C complex	Rogalska2022	True	True	False	False	False	True	False	False
DDX41	ENSG00000183258	Recruited at C complex	Rogalska2022	True	True	False	False	False	True	True	False
C9orf78	ENSG00000136819	Recruited at C complex	Rogalska2022	True	True	False	False	False	True	True	False
PPIL3	ENSG00000240344	Recruited at C complex	Rogalska2022	True	True	False	False	False	False	True	False
CACTIN	ENSG00000105298	Recruited at C complex	Rogalska2022	True	True	False	False	True	True	True	False
STEEP1	ENSG00000018610	Recruited at C complex	Rogalska2022	True	True	False	False	False	False	False	False
LENG1	ENSG00000105617	Recruited at C complex	Rogalska2022	True	False	False	False	False	False	False	False
WDR83	ENSG00000123154	Recruited at C complex	Rogalska2022	True	True	False	False	False	False	True	False
FRA10AC1	ENSG00000148690	Recruited at C complex	Rogalska2022	True	True	False	False	False	False	False	False
SDE2	ENSG00000143751	Recruited at C complex	Rogalska2022	True	True	False	False	False	True	False	False
DHX8	ENSG00000067596	Second step factors	Rogalska2022	True	True	False	False	False	True	True	False
SLU7	ENSG00000164609	Second step factors	Rogalska2022	True	True	True	False	False	True	True	False
SRRM2	ENSG00000167978	SR-related	Rogalska2022	True	True	True	False	False	True	True	False
CD2BP2	ENSG00000169217	U5 snRNP	Rogalska2022	True	True	False	False	True	False	True	False
ELAVL1	ENSG00000066044	ASF	Rogalska2022	True	True	True	False	True	True	False	True
RBFOX2	ENSG00000100320	ASF	Rogalska2022	True	True	True	True	False	True	True	True
PTBP1	ENSG00000011304	ASF	Rogalska2022	True	True	True	True	False	True	True	True
KHSRP	ENSG00000088247	ASF	Rogalska2022	True	False	True	True	False	True	True	True
QKI	ENSG00000112531	ASF	Rogalska2022	True	True	True	True	False	True	True	True
CELF1	ENSG00000149187	ASF	Rogalska2022	True	True	True	True	False	True	True	False
RAVER1	ENSG00000161847	ASF	Rogalska2022	True	False	True	True	False	True	True	False
MBNL1	ENSG00000152601	ASF	Rogalska2022	True	False	True	True	False	True	True	False
FUBP1	ENSG00000162613	ASF	Rogalska2022	True	False	True	True	False	True	False	False
MBNL2	ENSG00000139793	ASF	Rogalska2022	True	False	True	False	False	True	True	True
CELF2	ENSG00000048740	ASF	Rogalska2022	True	False	True	False	False	True	True	True
RAVER2	ENSG00000162437	ASF	Rogalska2022	True	False	True	False	False	True	True	False
MBNL3	ENSG00000076770	ASF	Rogalska2022	True	False	True	False	False	True	True	False
PTBP2	ENSG00000117569	ASF	Rogalska2022	True	True	True	False	False	True	True	False
HNRNPF	ENSG00000169813	hnRNP	Rogalska2022	True	True	True	True	True	True	True	True
HNRNPH1	ENSG00000169045	hnRNP	Rogalska2022	True	True	True	False	True	True	True	True
SYNCRIP	ENSG00000135316	hnRNP	Rogalska2022	True	True	False	False	True	True	True	False
HNRNPK	ENSG00000165119	hnRNP	Rogalska2022	True	True	True	True	False	True	True	True
HNRNPL	ENSG00000104824	hnRNP	Rogalska2022	True	False	True	True	False	True	True	True
HNRNPU	ENSG00000153187	hnRNP	Rogalska2022	True	True	False	True	False	True	True	True
HNRNPM	ENSG00000099783	hnRNP	Rogalska2022	True	True	True	True	False	True	True	True
PCBP1	ENSG00000169564	hnRNP	Rogalska2022	True	True	True	True	False	True	False	True
FUS	ENSG00000089280	hnRNP	Rogalska2022	True	True	True	True	False	True	True	True
PCBP2	ENSG00000197111	hnRNP	Rogalska2022	True	True	True	True	False	True	False	True
HNRNPA2B1	ENSG00000122566	hnRNP	Rogalska2022	True	True	True	True	False	True	True	True
HNRNPD	ENSG00000138668	hnRNP	Rogalska2022	True	True	True	True	False	True	False	True
HNRNPLL	ENSG00000143889	hnRNP	Rogalska2022	True	False	True	True	False	True	True	False
HNRNPH2	ENSG00000126945	hnRNP	Rogalska2022	True	True	True	False	False	True	True	False
HNRNPH3	ENSG00000096746	hnRNP	Rogalska2022	True	True	True	False	False	True	True	False
HNRNPDL	ENSG00000152795	hnRNP	Rogalska2022	True	False	False	False	False	True	False	False
HNRNPR	ENSG00000125944	hnRNP	Rogalska2022	True	True	True	False	False	True	True	False
HNRNPA0	ENSG00000177733	hnRNP	Rogalska2022	True	True	True	True	False	True	False	False
HNRNPUL1	ENSG00000105323	hnRNP	Rogalska2022	True	True	True	True	False	True	False	True
RALY	ENSG00000125970	hnRNP	Rogalska2022	True	True	True	False	False	True	True	False
RBMXL2	ENSG00000170748	hnRNP	Rogalska2022	True	False	False	False	False	True	True	False
RBMX	ENSG00000147274	hnRNP	Rogalska2022	True	True	False	False	False	True	True	False
RALYL	ENSG00000184672	hnRNP	Rogalska2022	True	False	True	False	False	True	False	False
HNRNPA3	ENSG00000170144	hnRNP	Rogalska2022	True	True	False	False	False	True	True	False
HNRNPUL2	ENSG00000214753	hnRNP	Rogalska2022	True	False	False	False	False	True	False	False
HNRNPCL1	ENSG00000179172	hnRNP	Rogalska2022	True	False	False	False	False	True	False	False
RBM14	ENSG00000239306	RBD-containing	Rogalska2022	True	False	True	False	True	True	True	False
DDX6	ENSG00000110367	RBD-containing	Rogalska2022	True	False	False	True	True	True	False	True
DDX39B	ENSG00000198563	RBD-containing	Rogalska2022	True	True	False	False	True	True	True	False
DDX21	ENSG00000165732	RBD-containing	Rogalska2022	True	False	False	True	True	True	False	True
ZC3H11A	ENSG00000058673	RBD-containing	Rogalska2022	True	False	False	False	True	True	False	True
DHX57	ENSG00000163214	RBD-containing	Rogalska2022	True	True	False	False	True	True	False	False
RBM47	ENSG00000163694	RBD-containing	Rogalska2022	True	False	True	True	False	True	False	True
ZNF326	ENSG00000162664	RBD-containing	Rogalska2022	True	False	False	False	False	True	True	False
DDX1	ENSG00000079785	RBD-containing	Rogalska2022	True	False	False	True	False	True	True	False
RBM3	ENSG00000102317	RBD-containing	Rogalska2022	True	False	True	True	False	True	True	False
RBM4	ENSG00000173933	RBD-containing	Rogalska2022	True	True	True	False	False	True	True	False
RBM14-RBM4	ENSG00000248643	RBD-containing	Rogalska2022	True	False	False	False	False	False	False	False
ZNF131	ENSG00000172262	RBD-containing	Rogalska2022	True	False	False	False	False	False	False	False
ZNF207	ENSG00000010244	RBD-containing	Rogalska2022	True	True	False	False	False	True	False	False
DDX3Y	ENSG00000067048	RBD-containing	Rogalska2022	True	False	False	False	False	True	False	False
DDX18	ENSG00000088205	RBD-containing	Rogalska2022	True	False	False	False	True	True	False	False
ZMYM3	ENSG00000147130	RBD-containing	Rogalska2022	True	False	False	False	False	False	False	False
RNF40	ENSG00000103549	RBD-containing	Rogalska2022	True	False	False	False	False	True	False	False
DDX39A	ENSG00000123136	RBD-containing	Rogalska2022	True	False	False	False	False	True	True	False
DDX19B	ENSG00000157349	RBD-containing	Rogalska2022	True	False	False	True	False	True	False	False
DHX30	ENSG00000132153	RBD-containing	Rogalska2022	True	False	False	True	False	True	False	True
ZC3H13	ENSG00000123200	RBD-containing	Rogalska2022	True	False	False	False	False	True	True	False
GPATCH8	ENSG00000186566	RBD-containing	Rogalska2022	True	False	False	False	False	True	False	False
ZC3H4	ENSG00000130749	RBD-containing	Rogalska2022	True	False	False	False	False	True	False	False
ZNF346	ENSG00000113761	RBD-containing	Rogalska2022	True	False	False	False	False	True	False	False
RBM15B	ENSG00000259956	RBD-containing	Rogalska2022	True	False	False	False	False	True	True	True
ZFR	ENSG00000056097	RBD-containing	Rogalska2022	True	False	False	False	False	True	False	False
RBM27	ENSG00000091009	RBD-containing	Rogalska2022	True	False	True	True	False	True	False	False
AGGF1	ENSG00000164252	RBD-containing	Rogalska2022	True	True	False	True	True	False	False	True
ZCCHC8	ENSG00000033030	RBD-containing	Rogalska2022	True	False	False	False	False	True	True	False
DDX27	ENSG00000124228	RBD-containing	Rogalska2022	True	False	False	True	False	True	False	False
ZMAT5	ENSG00000100319	RBD-containing	Rogalska2022	True	False	False	False	False	False	True	False
RNF20	ENSG00000155827	RBD-containing	Rogalska2022	True	False	False	False	False	True	False	False
ZC3HAV1	ENSG00000105939	RBD-containing	Rogalska2022	True	False	False	False	False	True	False	False
RNF213	ENSG00000173821	RBD-containing	Rogalska2022	True	False	False	False	False	False	False	False
GPATCH3	ENSG00000198746	RBD-containing	Rogalska2022	True	False	False	False	False	False	False	False
RBM26	ENSG00000139746	RBD-containing	Rogalska2022	True	False	True	False	True	True	False	False
RBM42	ENSG00000126254	RBD-containing	Rogalska2022	True	True	True	False	False	True	True	False
DHX40	ENSG00000108406	RBD-containing	Rogalska2022	True	False	False	False	False	True	False	False
RNF34	ENSG00000170633	RBD-containing	Rogalska2022	True	False	False	False	False	False	False	False
ZCRB1	ENSG00000139168	RBD-containing	Rogalska2022	True	False	False	False	False	True	True	False
ZC3H18	ENSG00000158545	RBD-containing	Rogalska2022	True	True	False	False	False	True	False	False
RBM45	ENSG00000155636	RBD-containing	Rogalska2022	True	False	True	False	False	True	False	False
DHX36	ENSG00000174953	RBD-containing	Rogalska2022	True	False	False	False	False	True	False	False
CHAMP1	ENSG00000198824	RBD-containing	Rogalska2022	True	False	False	False	False	False	False	False
RBMXL1	ENSG00000213516	RBD-containing	Rogalska2022	True	False	False	False	False	True	True	False
NCBP1	ENSG00000136937	RBP	Rogalska2022	True	True	False	False	True	True	True	False
RBM39	ENSG00000131051	RBP	Rogalska2022	True	True	True	True	False	True	True	False
RBM15	ENSG00000162775	RBP	Rogalska2022	True	False	True	True	False	True	True	True
NCBP2	ENSG00000114503	RBP	Rogalska2022	True	True	False	True	False	True	True	True
KHDRBS1	ENSG00000121774	RBP	Rogalska2022	True	True	True	True	False	True	True	True
EWSR1	ENSG00000182944	RBP	Rogalska2022	True	False	True	True	False	True	False	True
DDX5	ENSG00000108654	RBP	Rogalska2022	True	True	False	True	False	True	True	False
DDX3X	ENSG00000215301	RBP	Rogalska2022	True	True	False	True	False	True	False	True
YBX1	ENSG00000065978	RBP	Rogalska2022	True	True	False	False	True	True	True	False
NUMA1	ENSG00000137497	RBP	Rogalska2022	True	False	False	False	False	False	False	False
PABPN1	ENSG00000100836	RBP	Rogalska2022	True	False	False	True	False	True	False	True
PABPC4	ENSG00000090621	RBP	Rogalska2022	True	False	False	True	False	True	False	True
DHX34	ENSG00000134815	RBP	Rogalska2022	True	False	False	False	False	True	False	False
RBM7	ENSG00000076053	RBP	Rogalska2022	True	True	True	False	False	True	True	False
DDX17	ENSG00000100201	RBP	Rogalska2022	True	True	False	False	True	True	True	False
IGF2BP3	ENSG00000136231	RBP	Rogalska2022	True	False	False	True	False	True	False	True
XRN2	ENSG00000088930	RBP	Rogalska2022	True	False	False	True	False	True	False	True
PABPC1	ENSG00000070756	RBP	Rogalska2022	True	True	False	True	False	True	True	False
SRRT	ENSG00000087087	RBP	Rogalska2022	True	True	False	False	False	True	False	False
DDX19A	ENSG00000168872	RBP	Rogalska2022	True	False	False	False	False	True	False	False
PAXBP1	ENSG00000159086	RBP	Rogalska2022	True	True	False	False	False	False	True	False
SRSF9	ENSG00000111786	SR protein	Rogalska2022	True	True	True	True	True	True	True	True
SRSF7	ENSG00000115875	SR protein	Rogalska2022	True	True	True	False	True	True	True	True
SRSF3	ENSG00000112081	SR protein	Rogalska2022	True	True	True	True	True	True	True	True
SRSF4	ENSG00000116350	SR protein	Rogalska2022	True	True	True	False	True	True	True	False
TRA2A	ENSG00000164548	SR protein	Rogalska2022	True	True	True	True	True	True	True	True
SRSF5	ENSG00000100650	SR protein	Rogalska2022	True	True	True	True	True	True	True	False
SRSF1	ENSG00000136450	SR protein	Rogalska2022	True	True	True	True	False	True	True	True
SRSF2	ENSG00000161547	SR protein	Rogalska2022	True	True	True	False	False	True	True	False
SRSF11	ENSG00000116754	SR protein	Rogalska2022	True	False	True	False	False	True	True	False
SRSF10	ENSG00000188529	SR protein	Rogalska2022	True	True	True	False	False	True	True	True
SRSF6	ENSG00000124193	SR protein	Rogalska2022	True	True	True	False	False	True	True	False
SFSWAP	ENSG00000061936	SR protein	Rogalska2022	True	False	True	False	False	True	True	False
TRA2B	ENSG00000136527	SR protein	Rogalska2022	True	True	True	False	False	True	True	False
SRSF8	ENSG00000263465	SR protein	Rogalska2022	True	False	False	False	False	True	True	False
SRSF12	ENSG00000154548	SR protein	Rogalska2022	True	False	True	False	False	True	True	False
SREK1	ENSG00000153914	SR protein	Rogalska2022	True	False	True	False	False	True	True	False
DDX42	ENSG00000198231	17S U2 snRNP associated	Rogalska2022	True	True	False	False	True	True	False	True
PNN	ENSG00000100941	EJC/mRNP	Rogalska2022	True	True	False	False	False	True	True	False
UPF1	ENSG00000005007	EJC/mRNP	Rogalska2022	True	False	False	True	False	True	False	True
ALYREF	ENSG00000183684	EJC/mRNP	Rogalska2022	True	True	False	False	False	True	True	True
NXF1	ENSG00000162231	EJC/mRNP	Rogalska2022	True	False	False	False	False	True	False	True
RNPS1	ENSG00000205937	EJC/mRNP	Rogalska2022	True	True	True	False	False	True	True	False
CASC3	ENSG00000108349	EJC/mRNP	Rogalska2022	True	False	False	False	False	True	True	False
ACIN1	ENSG00000100813	EJC/mRNP	Rogalska2022	True	True	False	False	False	True	True	False
NXT1	ENSG00000132661	EJC/mRNP	Rogalska2022	True	False	False	False	False	False	False	False
PRPF4B	ENSG00000112739	Recruited at B complex	Rogalska2022	True	True	True	False	False	True	True	False
YJU2	ENSG00000105248	Recruited at Bact complex	Rogalska2022	True	False	False	False	False	False	True	False
DHX38	ENSG00000140829	Second step factors	Rogalska2022	True	True	False	False	False	True	True	False
LUC7L	ENSG00000007392	U1 snRNP	Rogalska2022	True	True	True	False	False	True	True	False
ZRSR2	ENSG00000169249	U11/U12 snRNP	Rogalska2022	True	False	False	False	False	True	True	False
SNRNP35	ENSG00000184209	U11/U12 snRNP	Rogalska2022	True	False	False	False	False	True	True	False
RNPC3	ENSG00000185946	U11/U12 snRNP	Rogalska2022	True	False	True	False	True	True	True	False
SNRNP25	ENSG00000161981	U11/U12 snRNP	Rogalska2022	True	False	True	False	False	False	True	False
SNRNP48	ENSG00000168566	U11/U12 snRNP	Rogalska2022	True	False	True	False	False	False	True	False
SART3	ENSG00000075856	U4/U6 recycling	Rogalska2022	True	False	True	True	False	True	True	False
SFPQ	ENSG00000116560	linked to splicing	Rogalska2022	True	False	True	True	False	True	True	True
NONO	ENSG00000147140	linked to splicing	Rogalska2022	True	False	False	True	False	True	True	True
SRPK1	ENSG00000096063	linked to splicing	Rogalska2022	True	True	True	False	False	True	True	False
DBR1	ENSG00000138231	linked to splicing	Rogalska2022	True	False	False	False	False	True	True	False
LSM1	ENSG00000175324	LSm	Rogalska2022	True	False	True	False	False	True	True	False
PRPF39	ENSG00000185246	Found with spliceosomes	Rogalska2022	True	False	False	False	True	True	True	False
DHX9	ENSG00000135829	Found with spliceosomes	Rogalska2022	True	True	False	False	False	True	True	False
SNRNP27	ENSG00000124380	Found with spliceosomes	Rogalska2022	True	True	True	False	False	False	True	False
MTREX	ENSG00000039123	Found with spliceosomes	Rogalska2022	True	False	False	False	True	True	True	False
PRPF38B	ENSG00000134186	Found with spliceosomes	Rogalska2022	True	False	True	False	False	True	True	False
CCAR2	ENSG00000158941	Detected in Bact complex	Rogalska2022	True	True	False	True	False	True	True	False
FRG1	ENSG00000109536	Detected in Bact complex	Rogalska2022	True	True	False	False	False	True	True	False
MOV10	ENSG00000155363	Detected in Bact complex	Rogalska2022	True	False	False	False	False	True	False	True
TRIM24	ENSG00000122779	Detected in Bact complex	Rogalska2022	True	False	False	False	False	False	False	False
FUBP3	ENSG00000107164	Detected in Bact complex	Rogalska2022	True	False	True	True	True	True	False	True
NCOR1	ENSG00000141027	Detected in Bact complex	Rogalska2022	True	False	False	False	False	False	False	False
CFAP20	ENSG00000070761	Detected in Bact complex	Rogalska2022	True	True	False	False	False	True	False	False
DDX50	ENSG00000107625	Detected in Bact complex	Rogalska2022	True	False	False	False	False	True	False	False
FAM58A	ENSG00000147382	Detected in Bact complex	Rogalska2022	True	False	False	False	False	False	False	False
GPATCH11	ENSG00000152133	Detected in Bact complex	Rogalska2022	True	False	False	False	False	False	False	False
MATR3	ENSG00000015479	Detected in C complex	Rogalska2022	True	True	False	True	False	True	False	True
JUP	ENSG00000173801	Detected in C complex	Rogalska2022	True	True	False	False	False	False	False	False
BCAS1	ENSG00000064787	Detected in C complex	Rogalska2022	True	False	False	False	False	False	False	False
RACK1	ENSG00000204628	Detected in C complex	Rogalska2022	True	True	False	False	False	True	False	False
FAM50B	ENSG00000145945	Detected in C complex	Rogalska2022	True	True	False	False	False	False	False	False
ZCCHC10	ENSG00000155329	Detected in C complex	Rogalska2022	True	True	False	False	False	False	False	False
WDR70	ENSG00000082068	Detected in C complex	Rogalska2022	True	False	False	False	False	False	False	False
NKAP	ENSG00000101882	Detected in C complex	Rogalska2022	True	True	False	False	False	True	False	False
YJU2B	ENSG00000104957	Detected in C complex	Rogalska2022	True	True	False	False	False	False	True	False
RBM4B	ENSG00000173914	Detected in C complex	Rogalska2022	True	False	True	False	False	True	True	False
TOE1	ENSG00000132773	Detected in C complex	Rogalska2022	True	True	False	False	False	True	False	False
TTC14	ENSG00000163728	Detected in C complex	Rogalska2022	True	True	False	False	False	False	False	False
SRRM1	ENSG00000133226	SR-related	Rogalska2022	True	True	True	False	False	True	True	False
THOC1	ENSG00000079134	TREX	Rogalska2022	True	True	False	False	True	True	True	False
THOC5	ENSG00000100296	TREX	Rogalska2022	True	True	False	False	False	True	True	False
THOC2	ENSG00000125676	TREX	Rogalska2022	True	True	False	False	False	True	True	False
THOC6	ENSG00000131652	TREX	Rogalska2022	True	False	False	False	False	True	True	False
THOC7	ENSG00000163634	TREX	Rogalska2022	True	True	False	False	False	True	True	False
THOC3	ENSG00000051596	TREX	Rogalska2022	True	True	False	False	False	True	True	False
ARGLU1	ENSG00000134884		hand-curated	False	True	True	False	False	False	False	False
BCLAF1	ENSG00000029363		hand-curated	False	False	True	True	False	True	False	True
BICC1	ENSG00000122870		hand-curated	False	False	True	False	False	True	False	False
CELF3	ENSG00000159409		hand-curated	False	False	True	False	False	True	True	False
CELF4	ENSG00000101489		hand-curated	False	False	True	False	False	True	True	False
CELF5	ENSG00000161082		hand-curated	False	False	True	False	False	True	True	False
CELF6	ENSG00000140488		hand-curated	False	False	True	False	False	True	True	False
CLASRP	ENSG00000104859		hand-curated	False	False	True	False	False	False	True	False
CPSF6	ENSG00000111605		hand-curated	False	False	True	True	False	True	False	True
CPSF7	ENSG00000149532		hand-curated	False	False	True	True	True	True	False	True
CSTF2	ENSG00000101811		hand-curated	False	False	True	True	False	True	False	True
CSTF2T	ENSG00000177613		hand-curated	False	False	True	True	False	True	False	True
CWC25	ENSG00000273559		hand-curated	False	False	True	False	False	False	True	False
ELAVL2	ENSG00000107105		hand-curated	False	False	True	False	False	True	False	False
ELAVL3	ENSG00000196361		hand-curated	False	False	True	False	False	True	False	False
ELAVL4	ENSG00000162374		hand-curated	False	False	True	False	False	True	True	False
ESRP1	ENSG00000104413		hand-curated	False	False	True	False	False	True	True	False
ESRP2	ENSG00000103067		hand-curated	False	False	True	False	False	True	True	False
GRSF1	ENSG00000132463		hand-curated	False	False	True	True	False	True	True	True
KHDRBS2	ENSG00000112232		hand-curated	False	False	True	False	False	True	True	False
KHDRBS3	ENSG00000131773		hand-curated	False	True	True	False	False	True	True	False
LSM10	ENSG00000181817		hand-curated	False	False	True	False	False	True	True	False
LUC7L3	ENSG00000108848		hand-curated	False	False	True	False	False	True	True	False
MEX3B	ENSG00000183496		hand-curated	False	False	True	False	False	True	False	False
MEX3C	ENSG00000176624		hand-curated	False	False	True	False	False	True	False	False
MEX3D	ENSG00000181588		hand-curated	False	False	True	False	False	True	False	False
MSI1	ENSG00000135097		hand-curated	False	False	True	False	False	True	False	False
MSI2	ENSG00000153944		hand-curated	False	False	True	True	False	True	False	False
NAA38	ENSG00000183011		hand-curated	False	False	True	False	False	False	False	False
NELFE	ENSG00000204356		hand-curated	False	False	True	True	False	True	False	False
NOVA1	ENSG00000139910		hand-curated	False	False	True	False	False	True	True	False
NOVA2	ENSG00000104967		hand-curated	False	False	True	False	False	True	True	False
PCBP3	ENSG00000183570		hand-curated	False	False	True	False	True	True	False	False
PCBP4	ENSG00000090097		hand-curated	False	False	True	False	False	True	True	False
PNISR	ENSG00000132424		hand-curated	False	False	True	False	False	True	False	False
PRPF40B	ENSG00000110844		hand-curated	False	False	True	False	False	True	True	False
PSIP1	ENSG00000164985		hand-curated	False	False	True	True	False	True	True	False
PTBP3	ENSG00000119314		hand-curated	False	False	True	False	False	True	True	False
RBFOX1	ENSG00000078328		hand-curated	False	False	True	False	False	True	True	True
RBM6	ENSG00000004534		hand-curated	False	False	True	False	False	True	True	False
RBM12	ENSG00000244462		hand-curated	False	False	True	False	False	True	True	False
RBM18	ENSG00000119446		hand-curated	False	False	True	False	False	True	False	False
RBM19	ENSG00000122965		hand-curated	False	False	True	False	True	True	True	False
RBM20	ENSG00000203867		hand-curated	False	False	True	False	False	True	True	False
RBM24	ENSG00000112183		hand-curated	False	False	True	False	False	True	True	False
RBM28	ENSG00000106344		hand-curated	False	False	True	False	True	True	True	False
RBM33	ENSG00000184863		hand-curated	False	False	True	False	False	True	False	False
RBM34	ENSG00000188739		hand-curated	False	False	True	True	False	True	False	False
RBM38	ENSG00000132819		hand-curated	False	False	True	False	False	True	True	False
RBM41	ENSG00000089682		hand-curated	False	False	True	False	False	True	True	False
RBM43	ENSG00000184898		hand-curated	False	False	True	False	False	True	False	False
RBMS1	ENSG00000153250		hand-curated	False	False	True	False	False	True	False	False
RBMS2	ENSG00000076067		hand-curated	False	False	True	False	False	True	False	False
RBMS3	ENSG00000144642		hand-curated	False	False	True	False	False	True	False	False
RBPMS	ENSG00000157110		hand-curated	False	False	True	False	False	True	False	True
RBPMS2	ENSG00000166831		hand-curated	False	False	True	False	False	True	False	False
SCAF1	ENSG00000126461		hand-curated	False	False	True	False	False	True	True	False
SCAF4	ENSG00000156304		hand-curated	False	False	True	False	False	True	False	False
SCAF8	ENSG00000213079		hand-curated	False	False	True	False	True	True	False	False
SCAF11	ENSG00000139218		hand-curated	False	False	True	False	False	True	True	False
SRPK2	ENSG00000135250		hand-curated	False	True	True	True	True	True	True	False
SRPK3	ENSG00000184343		hand-curated	False	False	True	False	False	False	True	False
SRRM3	ENSG00000177679		hand-curated	False	False	True	False	False	True	True	False
SRRM4	ENSG00000139767		hand-curated	False	False	True	False	False	True	True	True
TIA1	ENSG00000116001		hand-curated	False	False	True	True	False	True	True	True
TIAL1	ENSG00000151923		hand-curated	False	False	True	True	False	True	False	True
UHMK1	ENSG00000152332		hand-curated	False	False	True	False	False	True	False	False
AAR2	ENSG00000131043		GOBP_RNA_SPLICING	False	False	False	False	False	False	True	False
AFF2	ENSG00000155966		GOBP_RNA_SPLICING	False	False	False	False	False	True	True	False
AHNAK	ENSG00000124942		GOBP_RNA_SPLICING	False	False	False	False	False	True	True	False
AHNAK2	ENSG00000185567		GOBP_RNA_SPLICING	False	False	False	False	False	False	True	False
AKAP8L	ENSG00000011243		GOBP_RNA_SPLICING	False	False	False	True	False	True	True	True
AKAP17A	ENSG00000197976		GOBP_RNA_SPLICING	False	False	False	False	False	True	True	False
ARL6IP4	ENSG00000182196		GOBP_RNA_SPLICING	False	False	False	False	False	True	True	False
ARVCF	ENSG00000099889		GOBP_RNA_SPLICING	False	False	False	False	False	False	True	False
ATXN7	ENSG00000163635		GOBP_RNA_SPLICING	False	False	False	False	False	False	True	False
ATXN7L3	ENSG00000087152		GOBP_RNA_SPLICING	False	False	False	False	False	False	True	False
BRDT	ENSG00000137948		GOBP_RNA_SPLICING	False	False	False	False	False	False	True	False
C1QBP	ENSG00000108561		GOBP_RNA_SPLICING	False	False	False	False	True	True	True	False
C2orf49	ENSG00000135974		GOBP_RNA_SPLICING	False	False	False	False	False	False	True	False
CCNL1	ENSG00000163660		GOBP_RNA_SPLICING	False	False	False	False	False	False	True	False
CCNL2	ENSG00000221978		GOBP_RNA_SPLICING	False	False	False	False	False	False	True	False
CDK12	ENSG00000167258		GOBP_RNA_SPLICING	False	False	False	False	False	False	True	False
CDK13	ENSG00000065883		GOBP_RNA_SPLICING	False	False	False	False	False	True	True	False
CIR1	ENSG00000138433		GOBP_RNA_SPLICING	False	False	False	False	False	False	True	False
CIRBP	ENSG00000099622		GOBP_RNA_SPLICING	False	True	False	True	True	True	True	False
CLK1	ENSG00000013441		GOBP_RNA_SPLICING	False	False	False	False	False	False	True	False
CLK2	ENSG00000176444		GOBP_RNA_SPLICING	False	False	False	False	False	False	True	False
CLK3	ENSG00000179335		GOBP_RNA_SPLICING	False	False	False	False	False	True	True	False
CLK4	ENSG00000113240		GOBP_RNA_SPLICING	False	False	False	False	False	False	True	False
CLNS1A	ENSG00000074201		GOBP_RNA_SPLICING	False	True	False	False	True	True	True	False
CLP1	ENSG00000172409		GOBP_RNA_SPLICING	False	False	False	False	False	False	True	False
COIL	ENSG00000121058		GOBP_RNA_SPLICING	False	False	False	False	False	True	True	False
CWF19L1	ENSG00000095485		GOBP_RNA_SPLICING	False	False	False	False	False	False	True	False
CWF19L2	ENSG00000152404		GOBP_RNA_SPLICING	False	False	False	False	True	False	True	False
DAZAP1	ENSG00000071626		GOBP_RNA_SPLICING	False	False	False	True	False	True	True	False
DCPS	ENSG00000110063		GOBP_RNA_SPLICING	False	False	False	False	True	True	True	False
DDX20	ENSG00000064703		GOBP_RNA_SPLICING	False	False	False	False	True	True	True	False
DDX47	ENSG00000213782		GOBP_RNA_SPLICING	False	False	False	True	False	True	True	False
DNAJC17	ENSG00000104129		GOBP_RNA_SPLICING	False	False	False	False	False	True	True	False
DYRK1A	ENSG00000157540		GOBP_RNA_SPLICING	False	False	False	False	False	False	True	False
ECD	ENSG00000122882		GOBP_RNA_SPLICING	False	False	False	False	False	False	True	False
ENY2	ENSG00000120533		GOBP_RNA_SPLICING	False	False	False	False	False	False	True	False
ERN1	ENSG00000178607		GOBP_RNA_SPLICING	False	False	False	False	True	False	True	False
FAM98A	ENSG00000119812		GOBP_RNA_SPLICING	False	False	False	False	False	True	True	False
FAM98B	ENSG00000171262		GOBP_RNA_SPLICING	False	False	False	False	False	True	True	False
FAM172A	ENSG00000113391		GOBP_RNA_SPLICING	False	False	False	False	False	True	True	False
FASTK	ENSG00000164896		GOBP_RNA_SPLICING	False	False	False	False	False	True	True	False
FMR1	ENSG00000102081		GOBP_RNA_SPLICING	False	False	False	True	False	True	True	True
FXR1	ENSG00000114416		GOBP_RNA_SPLICING	False	False	False	True	False	True	True	True
FXR2	ENSG00000129245		GOBP_RNA_SPLICING	False	False	False	True	True	True	True	True
GCFC2	ENSG00000005436		GOBP_RNA_SPLICING	False	False	False	False	False	False	True	False
GEMIN2	ENSG00000092208		GOBP_RNA_SPLICING	False	False	False	False	True	False	True	False
GEMIN4	ENSG00000179409		GOBP_RNA_SPLICING	False	False	False	False	False	False	True	False
GEMIN5	ENSG00000082516		GOBP_RNA_SPLICING	False	False	False	True	False	True	True	True
GEMIN6	ENSG00000152147		GOBP_RNA_SPLICING	False	False	False	False	False	False	True	False
GEMIN7	ENSG00000142252		GOBP_RNA_SPLICING	False	False	False	False	False	False	True	False
GEMIN8	ENSG00000046647		GOBP_RNA_SPLICING	False	False	False	False	False	False	True	False
HABP4	ENSG00000130956		GOBP_RNA_SPLICING	False	False	False	False	False	True	True	False
HMX2	ENSG00000188816		GOBP_RNA_SPLICING	False	False	False	False	False	False	True	False
HNRNPA1L2	ENSG00000139675		GOBP_RNA_SPLICING	False	False	False	False	False	False	True	False
HOXB-AS3	ENSG00000233101		GOBP_RNA_SPLICING	False	False	False	False	False	False	True	False
HSPA1A	ENSG00000204389		GOBP_RNA_SPLICING	False	True	False	False	False	True	True	False
ILDR1	ENSG00000145103		GOBP_RNA_SPLICING	False	False	False	False	False	False	True	False
ILDR2	ENSG00000143195		GOBP_RNA_SPLICING	False	False	False	False	False	False	True	False
IVNS1ABP	ENSG00000116679		GOBP_RNA_SPLICING	False	False	False	False	False	False	True	False
IWS1	ENSG00000163166		GOBP_RNA_SPLICING	False	False	False	False	False	False	True	False
JMJD6	ENSG00000070495		GOBP_RNA_SPLICING	False	False	False	False	False	True	True	False
KAT2A	ENSG00000108773		GOBP_RNA_SPLICING	False	False	False	False	False	False	True	False
KAT2B	ENSG00000114166		GOBP_RNA_SPLICING	False	False	False	False	False	False	True	False
KDM1A	ENSG00000004487		GOBP_RNA_SPLICING	False	False	False	False	False	True	True	False
KHDC4	ENSG00000132680		GOBP_RNA_SPLICING	False	False	False	False	False	True	True	False
LARP7	ENSG00000174720		GOBP_RNA_SPLICING	False	False	False	True	False	True	True	True
LGALS3	ENSG00000131981		GOBP_RNA_SPLICING	False	False	False	False	False	True	True	False
LUC7L2	ENSG00000146963		GOBP_RNA_SPLICING	False	False	False	False	False	True	True	False
MAGOHB	ENSG00000111196		GOBP_RNA_SPLICING	False	False	False	False	False	True	True	False
METTL3	ENSG00000165819		GOBP_RNA_SPLICING	False	False	False	False	True	True	True	True
METTL4	ENSG00000101574		GOBP_RNA_SPLICING	False	False	False	False	False	False	True	False
METTL14	ENSG00000145388		GOBP_RNA_SPLICING	False	False	False	False	False	True	True	True
METTL16	ENSG00000127804		GOBP_RNA_SPLICING	False	False	False	False	False	True	True	False
MPHOSPH10	ENSG00000124383		GOBP_RNA_SPLICING	False	False	False	False	False	True	True	False
MYOD1	ENSG00000129152		GOBP_RNA_SPLICING	False	False	False	False	False	False	True	False
NCBP2L	ENSG00000170935		GOBP_RNA_SPLICING	False	False	False	False	False	True	True	False
NCL	ENSG00000115053		GOBP_RNA_SPLICING	False	False	False	False	True	True	True	False
NOL3	ENSG00000140939		GOBP_RNA_SPLICING	False	False	False	False	False	True	True	False
NPM1	ENSG00000181163		GOBP_RNA_SPLICING	False	False	False	True	True	True	True	True
NRDE2	ENSG00000119720		GOBP_RNA_SPLICING	False	False	False	False	False	False	True	False
NSRP1	ENSG00000126653		GOBP_RNA_SPLICING	False	True	False	False	False	True	True	False
NUP98	ENSG00000110713		GOBP_RNA_SPLICING	False	False	False	False	False	True	True	False
OVAAL	ENSG00000236719		GOBP_RNA_SPLICING	False	False	False	False	False	True	True	False
PDCD7	ENSG00000090470		GOBP_RNA_SPLICING	False	False	False	False	False	False	True	False
PIK3R1	ENSG00000145675		GOBP_RNA_SPLICING	False	False	False	False	False	False	True	False
POLR2A	ENSG00000181222		GOBP_RNA_SPLICING	False	False	False	False	True	True	True	False
PPARGC1A	ENSG00000109819		GOBP_RNA_SPLICING	False	False	False	False	False	True	True	False
PPP1R8	ENSG00000117751		GOBP_RNA_SPLICING	False	True	False	True	True	True	True	False
PPP1R9B	ENSG00000108819		GOBP_RNA_SPLICING	False	False	False	False	False	False	True	False
PPP2CA	ENSG00000113575		GOBP_RNA_SPLICING	False	False	False	False	False	False	True	False
PPP2R1A	ENSG00000105568		GOBP_RNA_SPLICING	False	False	False	False	False	False	True	False
PPP4R2	ENSG00000163605		GOBP_RNA_SPLICING	False	False	False	False	False	False	True	False
PRDX6	ENSG00000117592		GOBP_RNA_SPLICING	False	False	False	False	False	False	True	False
PRKRIP1	ENSG00000128563		GOBP_RNA_SPLICING	False	False	False	False	False	True	True	False
PRMT1	ENSG00000126457		GOBP_RNA_SPLICING	False	False	False	False	False	True	True	False
PRMT5	ENSG00000100462		GOBP_RNA_SPLICING	False	True	False	False	False	False	True	False
PRMT7	ENSG00000132600		GOBP_RNA_SPLICING	False	False	False	False	False	False	True	False
PRX	ENSG00000105227		GOBP_RNA_SPLICING	False	False	False	False	False	False	True	False
PUS1	ENSG00000177192		GOBP_RNA_SPLICING	False	False	False	True	False	True	True	True
PUS7	ENSG00000091127		GOBP_RNA_SPLICING	False	False	False	False	False	True	True	False
RBFOX3	ENSG00000167281		GOBP_RNA_SPLICING	False	False	False	False	False	True	True	False
RBM11	ENSG00000185272		GOBP_RNA_SPLICING	False	False	False	False	False	True	True	False
RBM12B	ENSG00000183808		GOBP_RNA_SPLICING	False	False	False	False	False	True	True	False
RBM15B	ENSG00000259956		GOBP_RNA_SPLICING	False	False	False	False	False	True	True	True
RBM23	ENSG00000100461		GOBP_RNA_SPLICING	False	True	False	False	False	True	True	False
RBM44	ENSG00000177483		GOBP_RNA_SPLICING	False	False	False	False	False	False	True	False
RBMXL3	ENSG00000175718		GOBP_RNA_SPLICING	False	False	False	False	False	True	True	False
RBMY1A1	ENSG00000234414		GOBP_RNA_SPLICING	False	False	False	False	False	True	True	False
RBMY1B	ENSG00000242875		GOBP_RNA_SPLICING	False	False	False	False	False	True	True	False
RBMY1D	ENSG00000244395		GOBP_RNA_SPLICING	False	False	False	False	False	True	True	False
RBMY1E	ENSG00000242389		GOBP_RNA_SPLICING	False	False	False	False	False	True	True	False
RBMY1F	ENSG00000169800		GOBP_RNA_SPLICING	False	False	False	False	False	True	True	False
RBMY1J	ENSG00000226941		GOBP_RNA_SPLICING	False	False	False	False	False	True	True	False
REST	ENSG00000084093		GOBP_RNA_SPLICING	False	False	False	False	False	False	True	False
RNF113B	ENSG00000139797		GOBP_RNA_SPLICING	False	False	False	False	False	False	True	False
RNU1-4	ENSG00000207389		GOBP_RNA_SPLICING	False	False	False	False	False	True	True	False
RNU4-2	ENSG00000202538		GOBP_RNA_SPLICING	False	False	False	False	False	True	True	False
RNU4ATAC	ENSG00000264229		GOBP_RNA_SPLICING	False	False	False	False	False	True	True	False
RNU5B-1	ENSG00000200156		GOBP_RNA_SPLICING	False	False	False	False	False	False	True	False
RNU5D-1	ENSG00000200169		GOBP_RNA_SPLICING	False	False	False	False	False	False	True	False
RNU5E-1	ENSG00000199347		GOBP_RNA_SPLICING	False	False	False	False	False	False	True	False
RNU5F-1	ENSG00000199377		GOBP_RNA_SPLICING	False	False	False	False	False	False	True	False
RNU6-7	ENSG00000201654		GOBP_RNA_SPLICING	False	False	False	False	False	True	True	False
RNU6-9	ENSG00000207507		GOBP_RNA_SPLICING	False	False	False	False	False	True	True	False
RNU6ATAC	ENSG00000221676		GOBP_RNA_SPLICING	False	False	False	False	False	True	True	False
RNU11	ENSG00000274978		GOBP_RNA_SPLICING	False	False	False	False	False	True	True	False
RNVU1-1	ENSG00000207340		GOBP_RNA_SPLICING	False	False	False	False	False	True	True	False
RNVU1-2A	ENSG00000278099		GOBP_RNA_SPLICING	False	False	False	False	False	True	True	False
RNVU1-4	ENSG00000277610		GOBP_RNA_SPLICING	False	False	False	False	False	True	True	False
RNVU1-6	ENSG00000201558		GOBP_RNA_SPLICING	False	False	False	False	False	True	True	False
RNVU1-7	ENSG00000206585		GOBP_RNA_SPLICING	False	False	False	False	False	True	True	False
RNVU1-14	ENSG00000207501		GOBP_RNA_SPLICING	False	False	False	False	False	True	True	False
RNVU1-15	ENSG00000207205		GOBP_RNA_SPLICING	False	False	False	False	False	True	True	False
RNVU1-17	ENSG00000207349		GOBP_RNA_SPLICING	False	False	False	False	False	True	True	False
RNVU1-19	ENSG00000275538		GOBP_RNA_SPLICING	False	False	False	False	False	True	True	False
RP9	ENSG00000164610		GOBP_RNA_SPLICING	False	False	False	False	False	True	True	False
RPS13	ENSG00000110700		GOBP_RNA_SPLICING	False	False	False	False	False	True	True	False
RPS26	ENSG00000197728		GOBP_RNA_SPLICING	False	False	False	False	False	True	True	False
RPUSD4	ENSG00000165526		GOBP_RNA_SPLICING	False	False	False	False	False	True	True	False
RRAGC	ENSG00000116954		GOBP_RNA_SPLICING	False	False	False	False	False	False	True	False
RRP1B	ENSG00000160208		GOBP_RNA_SPLICING	False	False	False	False	False	True	True	False
RSRC1	ENSG00000174891		GOBP_RNA_SPLICING	False	False	False	False	False	False	True	False
RTCB	ENSG00000100220		GOBP_RNA_SPLICING	False	False	False	False	True	True	True	True
RTRAF	ENSG00000087302		GOBP_RNA_SPLICING	False	False	False	False	False	True	True	False
SCNM1	ENSG00000163156		GOBP_RNA_SPLICING	False	False	False	False	False	False	True	False
SETX	ENSG00000107290		GOBP_RNA_SPLICING	False	False	False	False	False	True	True	False
SGF29	ENSG00000176476		GOBP_RNA_SPLICING	False	False	False	False	False	False	True	False
SLC38A2	ENSG00000134294		GOBP_RNA_SPLICING	False	False	False	False	False	False	True	False
SLC39A5	ENSG00000139540		GOBP_RNA_SPLICING	False	False	False	False	False	False	True	False
SMN1	ENSG00000172062		GOBP_RNA_SPLICING	False	True	False	True	False	True	True	False
SMN2	ENSG00000205571		GOBP_RNA_SPLICING	False	False	False	False	False	True	True	False
SNRPN	ENSG00000128739		GOBP_RNA_SPLICING	False	False	False	False	False	True	True	False
SON	ENSG00000159140		GOBP_RNA_SPLICING	False	False	False	False	False	True	True	False
SREK1IP1	ENSG00000153006		GOBP_RNA_SPLICING	False	False	False	False	False	False	True	False
STH	ENSG00000256762		GOBP_RNA_SPLICING	False	False	False	False	False	False	True	False
STRAP	ENSG00000023734		GOBP_RNA_SPLICING	False	False	False	False	False	True	True	False
SUGP2	ENSG00000064607		GOBP_RNA_SPLICING	False	False	False	True	False	True	True	True
SUPT3H	ENSG00000196284		GOBP_RNA_SPLICING	False	False	False	False	False	False	True	False
SUPT6H	ENSG00000109111		GOBP_RNA_SPLICING	False	False	False	True	False	True	True	False
SUPT7L	ENSG00000119760		GOBP_RNA_SPLICING	False	False	False	False	False	False	True	False
SUPT20H	ENSG00000102710		GOBP_RNA_SPLICING	False	False	False	False	False	False	True	False
TADA1	ENSG00000152382		GOBP_RNA_SPLICING	False	False	False	False	False	False	True	False
TADA2B	ENSG00000173011		GOBP_RNA_SPLICING	False	False	False	False	False	False	True	False
TADA3	ENSG00000171148		GOBP_RNA_SPLICING	False	False	False	False	False	False	True	False
TAF5L	ENSG00000135801		GOBP_RNA_SPLICING	False	False	False	False	False	False	True	False
TAF6L	ENSG00000162227		GOBP_RNA_SPLICING	False	False	False	False	False	False	True	False
TAF9	ENSG00000273841		GOBP_RNA_SPLICING	False	False	False	False	True	False	True	False
TAF10	ENSG00000166337		GOBP_RNA_SPLICING	False	False	False	False	False	False	True	False
TAF12	ENSG00000120656		GOBP_RNA_SPLICING	False	False	False	False	False	False	True	False
TAF15	ENSG00000270647		GOBP_RNA_SPLICING	False	False	False	True	False	True	True	True
TARDBP	ENSG00000120948		GOBP_RNA_SPLICING	False	False	False	True	False	True	True	True
TCERG1	ENSG00000113649		GOBP_RNA_SPLICING	False	True	False	False	False	True	True	False
TGS1	ENSG00000137574		GOBP_RNA_SPLICING	False	False	False	False	False	False	True	False
TMBIM6	ENSG00000139644		GOBP_RNA_SPLICING	False	False	False	False	False	False	True	False
TRPT1	ENSG00000149743		GOBP_RNA_SPLICING	False	False	False	False	False	False	True	False
TRRAP	ENSG00000196367		GOBP_RNA_SPLICING	False	False	False	False	False	False	True	False
TSEN2	ENSG00000154743		GOBP_RNA_SPLICING	False	False	False	False	False	False	True	False
TSEN15	ENSG00000198860		GOBP_RNA_SPLICING	False	False	False	False	False	False	True	False
TSEN34	ENSG00000170892		GOBP_RNA_SPLICING	False	False	False	False	False	False	True	False
TSEN54	ENSG00000182173		GOBP_RNA_SPLICING	False	False	False	False	False	False	True	False
TTF2	ENSG00000116830		GOBP_RNA_SPLICING	False	False	False	False	False	False	True	False
TXNL4B	ENSG00000140830		GOBP_RNA_SPLICING	False	False	False	False	False	False	True	False
U2AF1L4	ENSG00000161265		GOBP_RNA_SPLICING	False	False	False	False	False	True	True	False
UBL5	ENSG00000198258		GOBP_RNA_SPLICING	False	True	False	False	False	False	True	False
UMOD	ENSG00000169344		GOBP_RNA_SPLICING	False	False	False	False	False	False	True	False
USB1	ENSG00000103005		GOBP_RNA_SPLICING	False	False	False	False	False	False	True	False
USP4	ENSG00000114316		GOBP_RNA_SPLICING	False	False	False	False	False	False	True	False
USP22	ENSG00000124422		GOBP_RNA_SPLICING	False	False	False	False	False	False	True	False
USP49	ENSG00000164663		GOBP_RNA_SPLICING	False	False	False	False	False	False	True	False
VIRMA	ENSG00000164944		GOBP_RNA_SPLICING	False	False	False	False	False	True	True	False
WDR77	ENSG00000116455		GOBP_RNA_SPLICING	False	True	False	False	False	False	True	False
WEE2-AS1	ENSG00000228775		GOBP_RNA_SPLICING	False	False	False	False	False	True	True	False
WT1	ENSG00000184937		GOBP_RNA_SPLICING	False	False	False	False	False	True	True	False
WTAP	ENSG00000146457		GOBP_RNA_SPLICING	False	False	False	False	False	False	True	True
YTHDC1	ENSG00000083896		GOBP_RNA_SPLICING	False	False	False	False	False	True	True	True
ZBTB7A	ENSG00000178951		GOBP_RNA_SPLICING	False	False	False	False	False	False	True	False
ZBTB8OS	ENSG00000176261		GOBP_RNA_SPLICING	False	False	False	False	False	False	True	False
ZC3H10	ENSG00000135482		GOBP_RNA_SPLICING	False	False	False	False	False	True	True	False
ZNF638	ENSG00000075292		GOBP_RNA_SPLICING	False	False	False	False	False	True	True	False
ZPR1	ENSG00000109917		GOBP_RNA_SPLICING	False	False	False	False	False	False	True	False
ZRANB2	ENSG00000132485		GOBP_RNA_SPLICING	False	False	False	True	False	True	True	True
ZRSR2P1	ENSG00000212643		GOBP_RNA_SPLICING	False	False	False	False	False	True	True	False
BAG2	ENSG00000112208		Hegele2012	False	True	False	False	False	False	False	False
BUB3	ENSG00000154473		Hegele2012	False	True	False	False	False	False	False	False
CDK11A	ENSG00000008128		Hegele2012	False	True	False	False	False	False	False	False
DNAJC6	ENSG00000116675		Hegele2012	False	True	False	False	False	False	False	False
DNAJC8	ENSG00000126698		Hegele2012	False	True	False	False	False	False	False	False
HSPB1	ENSG00000106211		Hegele2012	False	True	False	False	False	True	False	False
ILF2	ENSG00000143621		Hegele2012	False	True	False	True	False	True	False	False
ILF3	ENSG00000129351		Hegele2012	False	True	False	True	False	True	False	True
KIN	ENSG00000151657		Hegele2012	False	True	False	False	False	True	False	False
NCBP3	ENSG00000074356		Hegele2012	False	True	False	False	False	True	False	True
NRIP2	ENSG00000053702		Hegele2012	False	True	False	False	False	False	False	False
PPIL4	ENSG00000131013		Hegele2012	False	True	False	True	False	True	False	True
PPP1CA	ENSG00000172531		Hegele2012	False	True	False	False	False	False	False	False
RBBP6	ENSG00000122257		Hegele2012	False	True	False	False	False	True	False	False
SAP30BP	ENSG00000161526		Hegele2012	False	True	False	False	True	False	False	False
SEC31B	ENSG00000075826		Hegele2012	False	True	False	False	False	False	False	False
TRIR	ENSG00000123144		Hegele2012	False	True	False	False	False	True	False	False
YBX3	ENSG00000060138		Hegele2012	False	True	False	True	False	True	False	True
